{
    "name": "ds_api_files",
    "properties": {
        "linkedServiceName": {
            "referenceName": "ls_HttpServer",
            "type": "LinkedServiceReference",
            "parameters": {
                "BaseURL": {
                    "value": "@dataset().BaseURL",
                    "type": "Expression"
                }
            }
        },
        "parameters": {
            "BaseURL": {
                "type": "string"
            },
            "RelativeURL": {
                "type": "string"
            }
        },
        "annotations": [],
        "type": "DelimitedText",
        "typeProperties": {
            "location": {
                "type": "HttpServerLocation",
                "relativeUrl": {
                    "value": "@dataset().RelativeURL",
                    "type": "Expression"
                }
            },
            "columnDelimiter": ",",
            "compressionCodec": "ZipDeflate",
            "escapeChar": "\\",
            "firstRowAsHeader": true,
            "quoteChar": "\""
        },
        "schema": []
    }
}
