{
	"name": "Json",
	"properties": {
		"linkedServiceName": {
			"referenceName": "ls_HttpServer",
			"type": "LinkedServiceReference",
			"parameters": {
				"BaseURL": {
					"value": "@dataset().BaseURL",
					"type": "Expression"
				}
			}
		},
		"parameters": {
			"BaseURL": {
				"type": "string"
			},
			"RelativeURL": {
				"type": "string"
			}
		},
		"annotations": [],
		"type": "Json",
		"typeProperties": {
			"location": {
				"type": "HttpServerLocation",
				"relativeUrl": {
					"value": "@dataset().RelativeURL",
					"type": "Expression"
				}
			}
		},
		"schema": {}
	}
}