{
	"name": "plt_email_notify",
	"properties": {
		"activities": [
			{
				"name": "Get Secret",
				"type": "WebActivity",
				"dependsOn": [],
				"policy": {
					"timeout": "0.12:00:00",
					"retry": 3,
					"retryIntervalInSeconds": 300,
					"secureOutput": true,
					"secureInput": true
				},
				"userProperties": [],
				"typeProperties": {
					"method": "GET",
					"url": {
						"value": "@pipeline().globalParameters.par_graph_api_secret_id",
						"type": "Expression"
					},
					"authentication": {
						"type": "MSI",
						"resource": "https://vault.azure.net"
					}
				}
			},
			{
				"name": "Get Token",
				"type": "WebActivity",
				"dependsOn": [
					{
						"activity": "Get Secret",
						"dependencyConditions": [
							"Succeeded"
						]
					}
				],
				"policy": {
					"timeout": "0.12:00:00",
					"retry": 0,
					"retryIntervalInSeconds": 30,
					"secureOutput": false,
					"secureInput": false
				},
				"userProperties": [],
				"typeProperties": {
					"method": "POST",
					"headers": {
						"Content-Type": "application/x-www-form-urlencoded"
					},
					"url": {
						"value": "@concat('https://login.microsoftonline.com/',pipeline().globalParameters.par_tenant_id,'/oauth2/v2.0/token')",
						"type": "Expression"
					},
					"body": {
						"value": "@concat('client_id=',pipeline().globalParameters.par_graph_api_client_id,'&client_secret=',activity('Get Secret').output.value,'&scope=https://graph.microsoft.com/.default&grant_type=client_credentials')",
						"type": "Expression"
					}
				}
			},
			{
				"name": "Send Mail",
				"type": "WebActivity",
				"dependsOn": [
					{
						"activity": "Get Token",
						"dependencyConditions": [
							"Succeeded"
						]
					}
				],
				"policy": {
					"timeout": "0.12:00:00",
					"retry": 0,
					"retryIntervalInSeconds": 300,
					"secureOutput": false,
					"secureInput": false
				},
				"userProperties": [],
				"typeProperties": {
					"method": "POST",
					"headers": {
						"Authorization": {
							"value": "@concat(string(activity('Get Token').output.token_type),' ',string(activity('Get Token').output.access_token))",
							"type": "Expression"
						},
						"Content-Type": "application/json"
					},
					"url": {
						"value": "@concat('https://graph.microsoft.com/v1.0/users/',pipeline().parameters.EmailSender,'/sendMail')",
						"type": "Expression"
					},
					"body": {
						"value": "@concat('{\"message\": {\"toRecipients\": [{\"emailAddress\": {\"address\": \"', pipeline().parameters.EmailRecipient, '\"}}],\"subject\": \"', concat(pipeline().DataFactory,':',pipeline().parameters.EmailSubject), '\",\"importance\": \"normal\",\"body\": {\"contentType\": \"HTML\",\"content\": \"', pipeline().parameters.EmailContentHTML, '\" }},\"SaveToSentItems\": ', 'false', '}')",
						"type": "Expression"
					}
				}
			},
			{
				"name": "Create Service Now Incidnet",
				"type": "IfCondition",
				"dependsOn": [],
				"userProperties": [],
				"typeProperties": {
					"expression": {
						"value": "@equals(pipeline().globalParameters.par_env,'prd')",
						"type": "Expression"
					},
					"ifFalseActivities": [
						{
							"name": "Set variable",
							"type": "SetVariable",
							"dependsOn": [],
							"policy": {
								"secureOutput": false,
								"secureInput": false
							},
							"userProperties": [],
							"typeProperties": {
								"variableName": "ServiceNow_False",
								"value": "False"
							}
						}
					],
					"ifTrueActivities": [
						{
							"name": "Web1",
							"type": "WebActivity",
							"dependsOn": [],
							"policy": {
								"timeout": "0.12:00:00",
								"retry": 0,
								"retryIntervalInSeconds": 30,
								"secureOutput": false,
								"secureInput": false
							},
							"userProperties": [],
							"typeProperties": {
								"method": "POST",
								"disableCertValidation": true,
								"turnOffAsync": false,
								"url": "https://optumworker.service-now.com/api/now/import/u_incident",
								"body": {
									"state": "To Be Worked",
									"u_type": "Break/Fix",
									"priority": "3",
									"short_description": "@{pipeline().DataFactory} @{pipeline().parameters.EmailSubject}",
									"description": "@{pipeline().parameters.EmailContentHTML}",
									"assignment_group": "MRIS - ISDC",
									"cmdb_ci": "MRIS DATA CLOUD (ISDC)",
									"category": "Batch"
								},
								"authentication": {
									"type": "Basic",
									"username": "700002275",
									"password": {
										"type": "AzureKeyVaultSecret",
										"store": {
											"referenceName": "ls_keyvault",
											"type": "LinkedServiceReference"
										},
										"secretName": "secret-servicenow1"
									}
								}
							}
						}
					]
				}
			}
		],
		"parameters": {
			"EmailSender": {
				"type": "string",
				"defaultValue": "isdc_dev_dw@optum.com"
			},
			"EmailRecipient": {
				"type": "string"
			},
			"EmailSubject": {
				"type": "string",
				"defaultValue": "test"
			},
			"EmailContentHTML": {
				"type": "string",
				"defaultValue": "test"
			}
		},
		"variables": {
			"ServiceNow_False": {
				"type": "String"
			}
		},
		"folder": {
			"name": "UTIL"
		},
		"annotations": [],
		"lastPublishTime": "2024-03-07T00:21:26Z"
	}
}