{
	"name": "plt_email_notify_attachment",
	"properties": {
		"activities": [
			{
				"name": "List_Files",
				"type": "GetMetadata",
				"dependsOn": [],
				"policy": {
					"timeout": "0.12:00:00",
					"retry": 0,
					"retryIntervalInSeconds": 30,
					"secureOutput": false,
					"secureInput": false
				},
				"userProperties": [],
				"typeProperties": {
					"dataset": {
						"referenceName": "ds_ablob_isdc",
						"type": "DatasetReference",
						"parameters": {
							"p_folder_name": {
								"value": "@pipeline().parameters.Folder_Name",
								"type": "Expression"
							},
							"p_file_name": {
								"value": "@pipeline().parameters.File_Name",
								"type": "Expression"
							},
							"p_hotstore_endpoint": {
								"value": "@pipeline().globalParameters.par_blob_hotstore_endpoint",
								"type": "Expression"
							}
						}
					},
					"fieldList": [
						"childItems"
					],
					"storeSettings": {
						"type": "AzureBlobStorageReadSettings",
						"recursive": true,
						"enablePartitionDiscovery": false
					},
					"formatSettings": {
						"type": "DelimitedTextReadSettings"
					}
				}
			},
			{
				"name": "ForEach1",
				"type": "ForEach",
				"dependsOn": [
					{
						"activity": "List_Files",
						"dependencyConditions": [
							"Succeeded"
						]
					}
				],
				"userProperties": [],
				"typeProperties": {
					"items": {
						"value": "@activity('List_Files').output.childItems",
						"type": "Expression"
					},
					"isSequential": true,
					"activities": [
						{
							"name": "Web1",
							"type": "WebActivity",
							"dependsOn": [
								{
									"activity": "Files_List",
									"dependencyConditions": [
										"Succeeded"
									]
								}
							],
							"policy": {
								"timeout": "0.12:00:00",
								"retry": 0,
								"retryIntervalInSeconds": 30,
								"secureOutput": false,
								"secureInput": false
							},
							"userProperties": [],
							"typeProperties": {
								"method": "GET",
								"headers": {
									"x-ms-version": "2017-11-09",
									"x-ms-blob-type": "BlockBlob"
								},
								"url": {
									"value": "@concat(pipeline().globalParameters.par_blob_hotstore_endpoint,'isdc/',pipeline().parameters.Folder_Name,string(item().name))",
									"type": "Expression"
								},
								"authentication": {
									"type": "MSI",
									"resource": "https://storage.azure.com"
								}
							}
						},
						{
							"name": "Files_List",
							"type": "SetVariable",
							"dependsOn": [
								{
									"activity": "Set variable2",
									"dependencyConditions": [
										"Succeeded"
									]
								}
							],
							"policy": {
								"secureOutput": false,
								"secureInput": false
							},
							"userProperties": [],
							"typeProperties": {
								"variableName": "File_Name",
								"value": {
									"value": "@string(item().name)",
									"type": "Expression"
								}
							}
						},
						{
							"name": "WebResponse",
							"type": "SetVariable",
							"dependsOn": [
								{
									"activity": "Web1",
									"dependencyConditions": [
										"Succeeded"
									]
								}
							],
							"policy": {
								"secureOutput": false,
								"secureInput": false
							},
							"userProperties": [],
							"typeProperties": {
								"variableName": "WebResponse",
								"value": {
									"value": "@concat('{ \"@odata.type\": \"#microsoft.graph.fileAttachment\",\"name\": \"',item().name,'\",\"contentBytes\": \"',base64(activity('Web1').output.Response),'\"}')",
									"type": "Expression"
								}
							}
						},
						{
							"name": "Set variable1",
							"type": "SetVariable",
							"dependsOn": [
								{
									"activity": "WebResponse",
									"dependencyConditions": [
										"Succeeded"
									]
								}
							],
							"policy": {
								"secureOutput": false,
								"secureInput": false
							},
							"userProperties": [],
							"typeProperties": {
								"variableName": "MFILES2",
								"value": {
									"value": "@concat(variables('WebResponse'),if(greater(variables('iterartion'),1),concat(','),''),variables('MFILES1'))\n",
									"type": "Expression"
								}
							}
						},
						{
							"name": "Set variable2",
							"type": "SetVariable",
							"dependsOn": [
								{
									"activity": "iterartioncount",
									"dependencyConditions": [
										"Succeeded"
									]
								}
							],
							"policy": {
								"secureOutput": false,
								"secureInput": false
							},
							"userProperties": [],
							"typeProperties": {
								"variableName": "MFILES1",
								"value": {
									"value": "@variables('MFILES2')",
									"type": "Expression"
								}
							}
						},
						{
							"name": "iterartioncount",
							"type": "SetVariable",
							"dependsOn": [],
							"policy": {
								"secureOutput": false,
								"secureInput": false
							},
							"userProperties": [],
							"typeProperties": {
								"variableName": "iterartion",
								"value": {
									"value": "@add(variables('iteration_incremental'),1)\n\n",
									"type": "Expression"
								}
							}
						},
						{
							"name": "iteration_Increase",
							"type": "SetVariable",
							"dependsOn": [
								{
									"activity": "Set variable1",
									"dependencyConditions": [
										"Succeeded"
									]
								}
							],
							"policy": {
								"secureOutput": false,
								"secureInput": false
							},
							"userProperties": [],
							"typeProperties": {
								"variableName": "iteration_incremental",
								"value": {
									"value": "@variables('iterartion')",
									"type": "Expression"
								}
							}
						}
					]
				}
			},
			{
				"name": "Get Secret",
				"type": "WebActivity",
				"dependsOn": [
					{
						"activity": "ForEach1",
						"dependencyConditions": [
							"Succeeded"
						]
					}
				],
				"policy": {
					"timeout": "0.12:00:00",
					"retry": 3,
					"retryIntervalInSeconds": 300,
					"secureOutput": true,
					"secureInput": true
				},
				"userProperties": [],
				"typeProperties": {
					"method": "GET",
					"url": {
						"value": "@pipeline().globalParameters.par_graph_api_secret_id",
						"type": "Expression"
					},
					"authentication": {
						"type": "MSI",
						"resource": "https://vault.azure.net"
					}
				}
			},
			{
				"name": "Get Token",
				"type": "WebActivity",
				"dependsOn": [
					{
						"activity": "Get Secret",
						"dependencyConditions": [
							"Succeeded"
						]
					}
				],
				"policy": {
					"timeout": "0.12:00:00",
					"retry": 0,
					"retryIntervalInSeconds": 300,
					"secureOutput": true,
					"secureInput": true
				},
				"userProperties": [],
				"typeProperties": {
					"method": "POST",
					"headers": {
						"Content-Type": "application/x-www-form-urlencoded"
					},
					"turnOffAsync": false,
					"url": {
						"value": "@concat('https://login.microsoftonline.com/',pipeline().globalParameters.par_tenant_id,'/oauth2/v2.0/token')",
						"type": "Expression"
					},
					"body": {
						"value": "@concat('client_id=',pipeline().globalParameters.par_graph_api_client_id,'&client_secret=',activity('Get Secret').output.value,'&scope=https://graph.microsoft.com/.default&grant_type=client_credentials')",
						"type": "Expression"
					}
				}
			},
			{
				"name": "Send Mail",
				"type": "WebActivity",
				"dependsOn": [
					{
						"activity": "Get Token",
						"dependencyConditions": [
							"Succeeded"
						]
					}
				],
				"policy": {
					"timeout": "0.12:00:00",
					"retry": 0,
					"retryIntervalInSeconds": 300,
					"secureOutput": false,
					"secureInput": false
				},
				"userProperties": [],
				"typeProperties": {
					"method": "POST",
					"headers": {
						"Authorization": {
							"value": "@concat(string(activity('Get Token').output.token_type),' ',string(activity('Get Token').output.access_token))",
							"type": "Expression"
						},
						"Content-Type": "application/json"
					},
					"url": {
						"value": "@concat('https://graph.microsoft.com/v1.0/users/',pipeline().parameters.EmailSender,'/sendMail')",
						"type": "Expression"
					},
					"body": {
						"value": "@concat('{\"message\": {\"toRecipients\": ', pipeline().parameters.Multiple_Emails, ',\"subject\": \"', pipeline().parameters.EmailSubject, '\",\"importance\": \"normal\",\"body\": {\"contentType\": \"HTML\",\"content\": \"', pipeline().parameters.EmailContentHTML, '\" },\"attachments\":[',variables('MFILES2'), ']},\"SaveToSentItems\": ', 'false', '}')",
						"type": "Expression"
					}
				}
			}
		],
		"parameters": {
			"EmailSender": {
				"type": "string",
				"defaultValue": "isdc_dev_dw@optum.com"
			},
			"EmailRecipient": {
				"type": "string",
				"defaultValue": "ism_deep_de@ds.uhc.com"
			},
			"EmailContentHTML": {
				"type": "string",
				"defaultValue": "test"
			},
			"EmailAttachementName": {
				"type": "string",
				"defaultValue": "test.csv"
			},
			"Multiple_Emails": {
				"type": "string",
				"defaultValue": [
					{
						"emailAddress": {
							"address": "ism_deep_de@ds.uhc.com"
						}
					}
				]
			},
			"EmailSubject": {
				"type": "string",
				"defaultValue": "test"
			},
			"Folder_Name": {
				"type": "string"
			},
			"File_Name": {
				"type": "string"
			}
		},
		"variables": {
			"File_Name": {
				"type": "String"
			},
			"WebResponse": {
				"type": "String"
			},
			"MFILES1": {
				"type": "String"
			},
			"MFILES2": {
				"type": "String"
			},
			"iterartioncount": {
				"type": "Integer",
				"defaultValue": 0
			},
			"iterartion": {
				"type": "Integer"
			},
			"iteration_incremental": {
				"type": "Integer"
			}
		},
		"folder": {
			"name": "UTIL"
		},
		"annotations": []
	}
}