{
	"name": "tsk_MICRO_MARKET",
	"properties": {
		"activities": [
			{
				"name": "Until the DAT File",
				"type": "Until",
				"dependsOn": [],
				"userProperties": [],
				"typeProperties": {
					"expression": {
						"value": "@bool(variables('v_dat_file_exists'))",
						"type": "Expression"
					},
					"activities": [
						{
							"name": "Get Dat File Metadata",
							"type": "GetMetadata",
							"dependsOn": [],
							"policy": {
								"timeout": "0.12:00:00",
								"retry": 2,
								"retryIntervalInSeconds": 300,
								"secureOutput": false,
								"secureInput": false
							},
							"userProperties": [],
							"typeProperties": {
								"dataset": {
									"referenceName": "ds_ablob_files1",
									"type": "DatasetReference",
									"parameters": {
										"p_folder_name": {
											"value": "@concat(pipeline().globalParameters.par_env, '/landing/analytics_user_uploads/')",
											"type": "Expression"
										},
										"p_file_name": "RTS_Agents_Micro_market_SA.csv",
										"p_hotstore_endpoint": {
											"value": "@pipeline().globalParameters.par_blob_hotstore_endpoint",
											"type": "Expression"
										}
									}
								},
								"fieldList": [
									"itemName"
								],
								"storeSettings": {
									"type": "AzureBlobStorageReadSettings",
									"recursive": true,
									"enablePartitionDiscovery": false
								},
								"formatSettings": {
									"type": "DelimitedTextReadSettings"
								}
							}
						},
						{
							"name": "If Dat File Exists",
							"type": "IfCondition",
							"dependsOn": [
								{
									"activity": "Get Dat File Metadata",
									"dependencyConditions": [
										"Succeeded"
									]
								}
							],
							"userProperties": [],
							"typeProperties": {
								"expression": {
									"value": "@greater(length(activity('Get Dat File Metadata').output.itemName), 0)",
									"type": "Expression"
								},
								"ifFalseActivities": [
									{
										"name": "Wait 10 minutes",
										"type": "Wait",
										"dependsOn": [],
										"userProperties": [],
										"typeProperties": {
											"waitTimeInSeconds": 600
										}
									}
								],
								"ifTrueActivities": [
									{
										"name": "Set variable true",
										"type": "SetVariable",
										"dependsOn": [],
										"policy": {
											"secureOutput": false,
											"secureInput": false
										},
										"userProperties": [],
										"typeProperties": {
											"variableName": "v_dat_file_exists",
											"value": true
										}
									}
								]
							}
						}
					],
					"timeout": "0.01:00:00"
				}
			},
			{
				"name": "Delete the other files from landing",
				"type": "Delete",
				"dependsOn": [
					{
						"activity": "Move Files from Landing to Inbox",
						"dependencyConditions": [
							"Succeeded"
						]
					}
				],
				"policy": {
					"timeout": "0.12:00:00",
					"retry": 2,
					"retryIntervalInSeconds": 300,
					"secureOutput": false,
					"secureInput": false
				},
				"userProperties": [],
				"typeProperties": {
					"dataset": {
						"referenceName": "ds_ablob_files",
						"type": "DatasetReference",
						"parameters": {
							"p_folder_name": {
								"value": "@concat(pipeline().globalParameters.par_env, '/landing/analytics_user_uploads/')",
								"type": "Expression"
							},
							"p_hotstore_endpoint": {
								"value": "@pipeline().globalParameters.par_blob_hotstore_endpoint",
								"type": "Expression"
							}
						}
					},
					"enableLogging": false,
					"storeSettings": {
						"type": "AzureBlobStorageReadSettings",
						"recursive": true,
						"wildcardFileName": {
							"value": "@{concat('RTS_Agents_Micro_market_SA.csv')}",
							"type": "Expression"
						},
						"enablePartitionDiscovery": false
					}
				}
			},
			{
				"name": "Load table MICRO_MARKET_RTS_AGENTS",
				"type": "Script",
				"dependsOn": [
					{
						"activity": "Truncate MICRO_MARKET_RTS_AGENTS Table",
						"dependencyConditions": [
							"Succeeded"
						]
					}
				],
				"policy": {
					"timeout": "0.12:00:00",
					"retry": 2,
					"retryIntervalInSeconds": 300,
					"secureOutput": false,
					"secureInput": false
				},
				"userProperties": [],
				"linkedServiceName": {
					"referenceName": "ls_sf_isdc",
					"type": "LinkedServiceReference",
					"parameters": {
						"par_sf_acct": "@pipeline().globalParameters.par_sf_acct",
						"par_sf_user": "@pipeline().globalParameters.par_sf_user",
						"par_sf_db": "@pipeline().globalParameters.par_sf_db",
						"par_sf_wh": "@pipeline().globalParameters.par_sf_wh",
						"par_sf_role": "@pipeline().globalParameters.par_sf_role"
					}
				},
				"typeProperties": {
					"scripts": [
						{
							"type": "NonQuery",
							"text": {
								"value": "@concat(\n \n'use schema ', pipeline().parameters.p_util_schema, ';',\n\n'call SP_CALL_PRE_CLM_DEEP (', \n\n'''',pipeline()?.TriggeredByPipelineRunId,'''', ',',\n\n'''',pipeline()?.TriggeredByPipelineName,'''', ',',\n\n'''','RTS_AGENTS_MICRO_MARKET_TBL_LD','''', ',',\n\n'''', 'MICRO_MARKET','''', ',',\n\n'''',pipeline().parameters.p_util_schema,'''', ',',\n\n'''',pipeline().DataFactory,'''', \n\n')'\n\n)",
								"type": "Expression"
							}
						}
					],
					"scriptBlockExecutionTimeout": "02:00:00"
				}
			},
			{
				"name": "Truncate MICRO_MARKET_RTS_AGENTS Table",
				"type": "Script",
				"dependsOn": [
					{
						"activity": "Delete the other files from landing",
						"dependencyConditions": [
							"Succeeded"
						]
					}
				],
				"policy": {
					"timeout": "0.12:00:00",
					"retry": 2,
					"retryIntervalInSeconds": 300,
					"secureOutput": false,
					"secureInput": false
				},
				"userProperties": [],
				"linkedServiceName": {
					"referenceName": "ls_sf_isdc",
					"type": "LinkedServiceReference",
					"parameters": {
						"par_sf_acct": {
							"value": "@pipeline().globalParameters.par_sf_acct",
							"type": "Expression"
						},
						"par_sf_user": {
							"value": "@pipeline().globalParameters.par_sf_user",
							"type": "Expression"
						},
						"par_sf_db": {
							"value": "@pipeline().globalParameters.par_sf_db",
							"type": "Expression"
						},
						"par_sf_wh": {
							"value": "@pipeline().globalParameters.par_sf_wh",
							"type": "Expression"
						},
						"par_sf_role": {
							"value": "@pipeline().globalParameters.par_sf_role",
							"type": "Expression"
						}
					}
				},
				"typeProperties": {
					"scripts": [
						{
							"type": "NonQuery",
							"text": {
								"value": "@concat('TRUNCATE TABLE ','BDR_FFP_DA_WRK.RTS_AGENTS_MICRO_MARKET_SA;')",
								"type": "Expression"
							}
						}
					],
					"scriptBlockExecutionTimeout": "02:00:00"
				}
			},
			{
				"name": "Move Files from Landing to Inbox",
				"description": "Move Files from Landing to Inbox",
				"type": "Copy",
				"dependsOn": [
					{
						"activity": "Until the DAT File",
						"dependencyConditions": [
							"Succeeded"
						]
					}
				],
				"policy": {
					"timeout": "0.12:00:00",
					"retry": 2,
					"retryIntervalInSeconds": 300,
					"secureOutput": false,
					"secureInput": false
				},
				"userProperties": [
					{
						"name": "Source",
						"value": "isdc/@{concat(pipeline().globalParameters.par_env, '/landing/compas_billing/')}/@{'*.DAT'}"
					},
					{
						"name": "Destination",
						"value": "isdc/@{concat(pipeline().globalParameters.par_env, '/pre_clm/inbox/compas_billing/')}/@{' '}"
					}
				],
				"typeProperties": {
					"source": {
						"type": "DelimitedTextSource",
						"storeSettings": {
							"type": "AzureBlobStorageReadSettings",
							"recursive": true,
							"wildcardFolderPath": {
								"value": "@concat(pipeline().globalParameters.par_env, '/landing/analytics_user_uploads/')",
								"type": "Expression"
							},
							"wildcardFileName": {
								"value": "@concat('RTS_Agents_Micro_market_SA.csv')",
								"type": "Expression"
							},
							"enablePartitionDiscovery": false
						},
						"formatSettings": {
							"type": "DelimitedTextReadSettings"
						}
					},
					"sink": {
						"type": "DelimitedTextSink",
						"storeSettings": {
							"type": "AzureBlobStorageWriteSettings"
						},
						"formatSettings": {
							"type": "DelimitedTextWriteSettings",
							"quoteAllText": true,
							"fileExtension": ".txt"
						}
					},
					"enableStaging": false,
					"translator": {
						"type": "TabularTranslator",
						"typeConversion": true,
						"typeConversionSettings": {
							"allowDataTruncation": true,
							"treatBooleanAsNumber": false
						}
					}
				},
				"inputs": [
					{
						"referenceName": "ds_ablob_files",
						"type": "DatasetReference",
						"parameters": {
							"p_folder_name": {
								"value": "@concat(pipeline().globalParameters.par_env, '/landing/analytics_user_uploads/')",
								"type": "Expression"
							},
							"p_hotstore_endpoint": {
								"value": "@pipeline().globalParameters.par_blob_hotstore_endpoint",
								"type": "Expression"
							}
						}
					}
				],
				"outputs": [
					{
						"referenceName": "ds_ablob_files",
						"type": "DatasetReference",
						"parameters": {
							"p_folder_name": {
								"value": "@concat(pipeline().globalParameters.par_env, '/analytics/inbox/micro_market/')",
								"type": "Expression"
							},
							"p_hotstore_endpoint": {
								"value": "@pipeline().globalParameters.par_blob_hotstore_endpoint",
								"type": "Expression"
							}
						}
					}
				]
			},
			{
				"name": "Delete the files from Inbox",
				"type": "Delete",
				"dependsOn": [
					{
						"activity": "Load table MICRO_MARKET_RTS_AGENTS",
						"dependencyConditions": [
							"Succeeded"
						]
					}
				],
				"policy": {
					"timeout": "0.12:00:00",
					"retry": 2,
					"retryIntervalInSeconds": 300,
					"secureOutput": false,
					"secureInput": false
				},
				"userProperties": [],
				"typeProperties": {
					"dataset": {
						"referenceName": "ds_ablob_files",
						"type": "DatasetReference",
						"parameters": {
							"p_folder_name": {
								"value": "@concat(pipeline().globalParameters.par_env, '/analytics/inbox/micro_market/')",
								"type": "Expression"
							},
							"p_hotstore_endpoint": {
								"value": "@pipeline().globalParameters.par_blob_hotstore_endpoint",
								"type": "Expression"
							}
						}
					},
					"enableLogging": false,
					"storeSettings": {
						"type": "AzureBlobStorageReadSettings",
						"recursive": true,
						"wildcardFileName": {
							"value": "@{concat('*.csv')}",
							"type": "Expression"
						},
						"enablePartitionDiscovery": false
					}
				}
			}
		],
		"parameters": {
			"p_util_schema": {
				"type": "string",
				"defaultValue": "UTIL"
			}
		},
		"variables": {
			"v_dat_file_exists": {
				"type": "Boolean",
				"defaultValue": false
			}
		},
		"folder": {
			"name": "Analytics/Tasks"
		},
		"annotations": [],
		"lastPublishTime": "2024-03-07T00:21:30Z"
	},
	"type": "Microsoft.DataFactory/factories/pipelines"
}