{
	"name": "wf_BOP_EOP",
	"properties": {
		"activities": [
			{
				"name": "Get_Object_Metadata",
				"type": "Lookup",
				"dependsOn": [
					{
						"activity": "Start Log",
						"dependencyConditions": [
							"Succeeded"
						]
					}
				],
				"policy": {
					"timeout": "0.12:00:00",
					"retry": 0,
					"retryIntervalInSeconds": 30,
					"secureOutput": false,
					"secureInput": false
				},
				"userProperties": [],
				"typeProperties": {
					"source": {
						"type": "SnowflakeV2Source",
						"query": {
							"value": "@concat('select\nPGM.OBJECT_DB,\nPGM.OBJECT_SCHEMA,\nPGM.OBJECT_NAME,  \nPGM.OBJECT_SIGNATURE\nFROM UTIL.PROGRAM_LIST_ANALYTICS PGM JOIN UTIL.PROCESS_LIST_ANALYTICS PRC ON\nPGM.PROCESS_NAME = PRC.PROCESS_NAME AND PGM.DATA_FACTORY_NAME = PRC.DATA_FACTORY_NAME AND PRC.ACTIVE_INDC = ''Y''\nWHERE \nPGM.PROCESS_NAME = substr(','''', pipeline().Pipeline,'''', ',4)\nORDER BY CODE_SEQUENCE')",
							"type": "Expression"
						},
						"exportSettings": {
							"type": "SnowflakeExportCopyCommand"
						}
					},
					"dataset": {
						"referenceName": "ds_sf_isdc",
						"type": "DatasetReference",
						"parameters": {
							"par_sf_acct": {
								"value": "@pipeline().globalParameters.par_sf_acct",
								"type": "Expression"
							},
							"par_sf_user": {
								"value": "@pipeline().globalParameters.par_sf_user",
								"type": "Expression"
							},
							"par_sf_db": {
								"value": "@pipeline().globalParameters.par_sf_db",
								"type": "Expression"
							},
							"par_sf_wh": {
								"value": "@pipeline().globalParameters.par_sf_wh",
								"type": "Expression"
							},
							"par_sf_role": {
								"value": "@pipeline().globalParameters.par_sf_role",
								"type": "Expression"
							}
						}
					},
					"firstRowOnly": false
				}
			},
			{
				"name": "Start Log",
				"type": "Script",
				"dependsOn": [],
				"policy": {
					"timeout": "0.12:00:00",
					"retry": 0,
					"retryIntervalInSeconds": 30,
					"secureOutput": false,
					"secureInput": false
				},
				"userProperties": [],
				"linkedServiceName": {
					"referenceName": "ls_sf_isdc",
					"type": "LinkedServiceReference",
					"parameters": {
						"par_sf_acct": {
							"value": "@pipeline().globalParameters.par_sf_acct",
							"type": "Expression"
						},
						"par_sf_user": {
							"value": "@pipeline().globalParameters.par_sf_user",
							"type": "Expression"
						},
						"par_sf_db": {
							"value": "@pipeline().globalParameters.par_sf_db",
							"type": "Expression"
						},
						"par_sf_wh": {
							"value": "@pipeline().globalParameters.par_sf_wh",
							"type": "Expression"
						},
						"par_sf_role": {
							"value": "@pipeline().globalParameters.par_sf_role",
							"type": "Expression"
						}
					}
				},
				"typeProperties": {
					"scripts": [
						{
							"type": "NonQuery",
							"text": {
								"value": "@concat(\n'INSERT INTO UTIL.PROCESS_RUN_LOGS_ANALYTICS\n(\nPIPELINE_ID,\nPIPELINE_NAME,\nPROCESS_NAME,\nSUB_PROCESS_NAME,\nSTART_DATETIME,\nSTATUS,\nDATAFACTORY,\nTRIGGER_NAME,\nTRIGGER_TYPE,\nTRIGGER_TIME,\nAPP_NAME\n)\nVALUES (''',pipeline().RunId,''',','''',pipeline().Pipeline,''',\n','''',pipeline().parameters.p_application,''',','''',pipeline().parameters.p_object_name,\n''',','''',pipeline().TriggerTime,''',','''Running'',','''',pipeline().DataFactory,''',','''',pipeline().TriggerName,''',','''',pipeline().TriggerType,''',','''',pipeline().TriggerTime,''',','''DEEP'');')",
								"type": "Expression"
							}
						}
					],
					"scriptBlockExecutionTimeout": "02:00:00"
				}
			},
			{
				"name": "On Complete End Log",
				"type": "Script",
				"dependsOn": [
					{
						"activity": "FINAL_CODES",
						"dependencyConditions": [
							"Succeeded"
						]
					}
				],
				"policy": {
					"timeout": "0.12:00:00",
					"retry": 0,
					"retryIntervalInSeconds": 30,
					"secureOutput": false,
					"secureInput": false
				},
				"userProperties": [],
				"linkedServiceName": {
					"referenceName": "ls_sf_isdc",
					"type": "LinkedServiceReference",
					"parameters": {
						"par_sf_acct": {
							"value": "@pipeline().globalParameters.par_sf_acct",
							"type": "Expression"
						},
						"par_sf_user": {
							"value": "@pipeline().globalParameters.par_sf_user",
							"type": "Expression"
						},
						"par_sf_db": {
							"value": "@pipeline().globalParameters.par_sf_db",
							"type": "Expression"
						},
						"par_sf_wh": {
							"value": "@pipeline().globalParameters.par_sf_wh",
							"type": "Expression"
						},
						"par_sf_role": {
							"value": "@pipeline().globalParameters.par_sf_role",
							"type": "Expression"
						}
					}
				},
				"typeProperties": {
					"scripts": [
						{
							"type": "NonQuery",
							"text": {
								"value": "@concat(\n'EXECUTE IMMEDIATE ','''','UPDATE ',\nstring(activity('Get_Object_Metadata').output.value[1].OBJECT_DB), '.', \npipeline().parameters.p_util_schema,'.','PROCESS_RUN_LOGS_ANALYTICS SET STATUS=','''','''','COMPLETED','''','''',' WHERE PIPELINE_ID=','''','''',pipeline().RunId,'''','''',''''\n)\n",
								"type": "Expression"
							}
						}
					],
					"scriptBlockExecutionTimeout": "02:00:00"
				}
			},
			{
				"name": "List_BOP_EOP_Dates",
				"type": "Lookup",
				"dependsOn": [
					{
						"activity": "BOP_EOP_DATE_LIST",
						"dependencyConditions": [
							"Succeeded"
						]
					}
				],
				"policy": {
					"timeout": "0.12:00:00",
					"retry": 0,
					"retryIntervalInSeconds": 30,
					"secureOutput": false,
					"secureInput": false
				},
				"userProperties": [],
				"typeProperties": {
					"source": {
						"type": "SnowflakeV2Source",
						"query": {
							"value": "@concat('select distinct id, to_char(start_date',',','''','yyyy-MM-dd','''',') as start_date',',','to_char(end_date',',','''','yyyy-MM-dd','''',') as end_date',',','monthyear_1',',','monthyearattached_1',',','monthyear_2',',','monthyearattached_2 from ',string(activity(\n'Get_Object_Metadata'\n).output.value[0].OBJECT_DB), '.',\npipeline().parameters.p_wrk_schema,'.','bop_eop_date_list',' order by id,start_date,end_date')",
							"type": "Expression"
						},
						"exportSettings": {
							"type": "SnowflakeExportCopyCommand"
						}
					},
					"dataset": {
						"referenceName": "ds_sf_isdc",
						"type": "DatasetReference",
						"parameters": {
							"par_sf_acct": {
								"value": "@pipeline().globalParameters.par_sf_acct",
								"type": "Expression"
							},
							"par_sf_user": {
								"value": "@pipeline().globalParameters.par_sf_user",
								"type": "Expression"
							},
							"par_sf_db": {
								"value": "@pipeline().globalParameters.par_sf_db",
								"type": "Expression"
							},
							"par_sf_wh": {
								"value": "@pipeline().globalParameters.par_sf_wh",
								"type": "Expression"
							},
							"par_sf_role": {
								"value": "@pipeline().globalParameters.par_sf_role",
								"type": "Expression"
							}
						}
					},
					"firstRowOnly": false
				}
			},
			{
				"name": "BOP_EOP_DATE_LIST",
				"type": "DatabricksNotebook",
				"dependsOn": [
					{
						"activity": "Get_Object_Metadata",
						"dependencyConditions": [
							"Succeeded"
						]
					}
				],
				"policy": {
					"timeout": "0.12:00:00",
					"retry": 0,
					"retryIntervalInSeconds": 30,
					"secureOutput": false,
					"secureInput": false
				},
				"userProperties": [],
				"typeProperties": {
					"notebookPath": "/live/notebooks/membership_tracking/bop_eop_combinations",
					"baseParameters": {
						"snowflake_url": {
							"value": "@concat('https://',pipeline().globalParameters.par_sf_acct,'.snowflakecomputing.com/')",
							"type": "Expression"
						},
						"snowflake_database": {
							"value": "@pipeline().globalParameters.par_sf_db",
							"type": "Expression"
						},
						"snowflake_schema": "BDR_FFP_DA_WRK",
						"snowflake_warehouse": {
							"value": "@pipeline().globalParameters.par_sf_wh",
							"type": "Expression"
						},
						"snowflake_role": {
							"value": "@pipeline().globalParameters.par_sf_role",
							"type": "Expression"
						},
						"snowflake_userid": {
							"value": "@pipeline().globalParameters.par_sf_user",
							"type": "Expression"
						}
					}
				},
				"linkedServiceName": {
					"referenceName": "ls_databricks_analytics",
					"type": "LinkedServiceReference",
					"parameters": {
						"par_dbw_domain": {
							"value": "@pipeline().globalParameters.par_dbw_domain",
							"type": "Expression"
						},
						"par_dbw_cluster_id": {
							"value": "@pipeline().globalParameters.par_dbw_cluster_id",
							"type": "Expression"
						},
						"par_dbw_tk_name": {
							"value": "@pipeline().globalParameters.par_dbw_tk_name",
							"type": "Expression"
						}
					}
				}
			},
			{
				"name": "ForEach_BOP_EOP_List",
				"type": "ForEach",
				"dependsOn": [
					{
						"activity": "List_BOP_EOP_Dates",
						"dependencyConditions": [
							"Succeeded"
						]
					}
				],
				"userProperties": [],
				"typeProperties": {
					"items": {
						"value": "@activity('List_BOP_EOP_Dates').output.value",
						"type": "Expression"
					},
					"isSequential": true,
					"activities": [
						{
							"name": "BOP_EOP",
							"type": "Script",
							"dependsOn": [],
							"policy": {
								"timeout": "0.12:00:00",
								"retry": 0,
								"retryIntervalInSeconds": 30,
								"secureOutput": false,
								"secureInput": false
							},
							"userProperties": [],
							"linkedServiceName": {
								"referenceName": "ls_sf_isdc",
								"type": "LinkedServiceReference",
								"parameters": {
									"par_sf_acct": {
										"value": "@pipeline().globalParameters.par_sf_acct",
										"type": "Expression"
									},
									"par_sf_user": {
										"value": "@pipeline().globalParameters.par_sf_user",
										"type": "Expression"
									},
									"par_sf_db": {
										"value": "@pipeline().globalParameters.par_sf_db",
										"type": "Expression"
									},
									"par_sf_wh": {
										"value": "@pipeline().globalParameters.par_sf_wh",
										"type": "Expression"
									},
									"par_sf_role": {
										"value": "@pipeline().globalParameters.par_sf_role",
										"type": "Expression"
									}
								}
							},
							"typeProperties": {
								"scripts": [
									{
										"type": "NonQuery",
										"text": {
											"value": "@concat(\n'USE SECONDARY ROLES ALL;\nCALL ',\nstring(activity(\n'Get_Object_Metadata'\n).output.value[0].OBJECT_DB), '.', \nstring(activity(\n'Get_Object_Metadata'\n).output.value[0].OBJECT_SCHEMA),'.',string(activity(\n'Get_Object_Metadata'\n).output.value[0].OBJECT_NAME),'(','''',pipeline().RunId,'''',',','''',pipeline().Pipeline,'''',',','''',item().MONTHYEAR_1,'''',',','''',item().MONTHYEARATTACHED_1,'''',',','''',item().MONTHYEAR_2,'''',',','''',item().MONTHYEARATTACHED_2,'''',',',string(activity(\n'Get_Object_Metadata'\n).output.value[0].OBJECT_SIGNATURE),')'\n)",
											"type": "Expression"
										}
									}
								],
								"scriptBlockExecutionTimeout": "02:00:00"
							}
						},
						{
							"name": "plt_email_notify_14",
							"type": "ExecutePipeline",
							"dependsOn": [
								{
									"activity": "BOP_EOP",
									"dependencyConditions": [
										"Failed"
									]
								}
							],
							"policy": {
								"secureInput": false
							},
							"userProperties": [],
							"typeProperties": {
								"pipeline": {
									"referenceName": "plt_email_notify",
									"type": "PipelineReference"
								},
								"waitOnCompletion": true,
								"parameters": {
									"EmailSender": {
										"value": "@pipeline().globalParameters.par_email_sender",
										"type": "Expression"
									},
									"EmailRecipient": {
										"value": "@pipeline().parameters.p_email_recipient",
										"type": "Expression"
									},
									"EmailSubject": {
										"value": "@concat('ISDC ', toUpper(pipeline().globalParameters.par_env),' - ',  pipeline().Pipeline, ' Failed')",
										"type": "Expression"
									},
									"EmailContentHTML": {
										"value": "@concat('PipelineName: ', pipeline().Pipeline, \n'<br>', activity('BOP_EOP').error?.message)",
										"type": "Expression"
									}
								}
							}
						}
					]
				}
			},
			{
				"name": "FINAL_CODES",
				"type": "Script",
				"dependsOn": [
					{
						"activity": "ForEach_BOP_EOP_List",
						"dependencyConditions": [
							"Succeeded"
						]
					}
				],
				"policy": {
					"timeout": "0.12:00:00",
					"retry": 0,
					"retryIntervalInSeconds": 30,
					"secureOutput": false,
					"secureInput": false
				},
				"userProperties": [],
				"linkedServiceName": {
					"referenceName": "ls_sf_isdc",
					"type": "LinkedServiceReference",
					"parameters": {
						"par_sf_acct": {
							"value": "@pipeline().globalParameters.par_sf_acct",
							"type": "Expression"
						},
						"par_sf_user": {
							"value": "@pipeline().globalParameters.par_sf_user",
							"type": "Expression"
						},
						"par_sf_db": {
							"value": "@pipeline().globalParameters.par_sf_db",
							"type": "Expression"
						},
						"par_sf_wh": {
							"value": "@pipeline().globalParameters.par_sf_wh",
							"type": "Expression"
						},
						"par_sf_role": {
							"value": "@pipeline().globalParameters.par_sf_role",
							"type": "Expression"
						}
					}
				},
				"typeProperties": {
					"scripts": [
						{
							"type": "NonQuery",
							"text": {
								"value": "@concat(\n'USE SECONDARY ROLES ALL;\nCALL ',\nstring(activity(\n'Get_Object_Metadata'\n).output.value[1].OBJECT_DB), '.', \nstring(activity(\n'Get_Object_Metadata'\n).output.value[1].OBJECT_SCHEMA),'.',string(activity(\n'Get_Object_Metadata'\n).output.value[1].OBJECT_NAME),'(','''',pipeline().RunId,'''',',','''',pipeline().Pipeline,'''',',',string(activity(\n'Get_Object_Metadata'\n).output.value[1].OBJECT_SIGNATURE),')'\n)",
								"type": "Expression"
							}
						}
					],
					"scriptBlockExecutionTimeout": "02:00:00"
				}
			},
			{
				"name": "plt_email_notify_1",
				"type": "ExecutePipeline",
				"dependsOn": [
					{
						"activity": "Start Log",
						"dependencyConditions": [
							"Failed"
						]
					}
				],
				"policy": {
					"secureInput": false
				},
				"userProperties": [],
				"typeProperties": {
					"pipeline": {
						"referenceName": "plt_email_notify",
						"type": "PipelineReference"
					},
					"waitOnCompletion": true,
					"parameters": {
						"EmailSender": {
							"value": "@pipeline().globalParameters.par_email_sender",
							"type": "Expression"
						},
						"EmailRecipient": {
							"value": "@pipeline().parameters.p_email_recipient",
							"type": "Expression"
						},
						"EmailSubject": {
							"value": "@concat('ISDC ', toUpper(pipeline().globalParameters.par_env),' - ',  pipeline().Pipeline, ' Failed')",
							"type": "Expression"
						},
						"EmailContentHTML": {
							"value": "@concat('PipelineName: ', pipeline().Pipeline, \n'<br>', activity('Start Log').error?.message)",
							"type": "Expression"
						}
					}
				}
			},
			{
				"name": "plt_email_notify_3",
				"type": "ExecutePipeline",
				"dependsOn": [
					{
						"activity": "BOP_EOP_DATE_LIST",
						"dependencyConditions": [
							"Failed"
						]
					}
				],
				"policy": {
					"secureInput": false
				},
				"userProperties": [],
				"typeProperties": {
					"pipeline": {
						"referenceName": "plt_email_notify",
						"type": "PipelineReference"
					},
					"waitOnCompletion": true,
					"parameters": {
						"EmailSender": {
							"value": "@pipeline().globalParameters.par_email_sender",
							"type": "Expression"
						},
						"EmailRecipient": {
							"value": "@pipeline().parameters.p_email_recipient",
							"type": "Expression"
						},
						"EmailSubject": {
							"value": "@concat('ISDC ', toUpper(pipeline().globalParameters.par_env),' - ',  pipeline().Pipeline, ' Failed')",
							"type": "Expression"
						},
						"EmailContentHTML": {
							"value": "@concat('PipelineName: ', pipeline().Pipeline, \n'<br>', activity('BOP_EOP_DATE_LIST').error?.message)",
							"type": "Expression"
						}
					}
				}
			},
			{
				"name": "plt_email_notify_4",
				"type": "ExecutePipeline",
				"dependsOn": [
					{
						"activity": "List_BOP_EOP_Dates",
						"dependencyConditions": [
							"Failed"
						]
					}
				],
				"policy": {
					"secureInput": false
				},
				"userProperties": [],
				"typeProperties": {
					"pipeline": {
						"referenceName": "plt_email_notify",
						"type": "PipelineReference"
					},
					"waitOnCompletion": true,
					"parameters": {
						"EmailSender": {
							"value": "@pipeline().globalParameters.par_email_sender",
							"type": "Expression"
						},
						"EmailRecipient": {
							"value": "@pipeline().parameters.p_email_recipient",
							"type": "Expression"
						},
						"EmailSubject": {
							"value": "@concat('ISDC ', toUpper(pipeline().globalParameters.par_env),' - ',  pipeline().Pipeline, ' Failed')",
							"type": "Expression"
						},
						"EmailContentHTML": {
							"value": "@concat('PipelineName: ', pipeline().Pipeline, \n'<br>', activity('List_BOP_EOP_Dates').error?.message)",
							"type": "Expression"
						}
					}
				}
			},
			{
				"name": "plt_email_notify_5",
				"type": "ExecutePipeline",
				"dependsOn": [
					{
						"activity": "FINAL_CODES",
						"dependencyConditions": [
							"Failed"
						]
					}
				],
				"policy": {
					"secureInput": false
				},
				"userProperties": [],
				"typeProperties": {
					"pipeline": {
						"referenceName": "plt_email_notify",
						"type": "PipelineReference"
					},
					"waitOnCompletion": true,
					"parameters": {
						"EmailSender": {
							"value": "@pipeline().globalParameters.par_email_sender",
							"type": "Expression"
						},
						"EmailRecipient": {
							"value": "@pipeline().parameters.p_email_recipient",
							"type": "Expression"
						},
						"EmailSubject": {
							"value": "@concat('ISDC ', toUpper(pipeline().globalParameters.par_env),' - ',  pipeline().Pipeline, ' Failed')",
							"type": "Expression"
						},
						"EmailContentHTML": {
							"value": "@concat('PipelineName: ', pipeline().Pipeline, \n'<br>', activity('FINAL_CODES').error?.message)",
							"type": "Expression"
						}
					}
				}
			},
			{
				"name": "plt_email_notify_6",
				"type": "ExecutePipeline",
				"dependsOn": [
					{
						"activity": "On Complete End Log",
						"dependencyConditions": [
							"Failed"
						]
					}
				],
				"policy": {
					"secureInput": false
				},
				"userProperties": [],
				"typeProperties": {
					"pipeline": {
						"referenceName": "plt_email_notify",
						"type": "PipelineReference"
					},
					"waitOnCompletion": true,
					"parameters": {
						"EmailSender": {
							"value": "@pipeline().globalParameters.par_email_sender",
							"type": "Expression"
						},
						"EmailRecipient": {
							"value": "@pipeline().parameters.p_email_recipient",
							"type": "Expression"
						},
						"EmailSubject": {
							"value": "@concat('ISDC ', toUpper(pipeline().globalParameters.par_env),' - ',  pipeline().Pipeline, ' Failed')",
							"type": "Expression"
						},
						"EmailContentHTML": {
							"value": "@concat('PipelineName: ', pipeline().Pipeline, \n'<br>', activity('On Complete End Log').error?.message)",
							"type": "Expression"
						}
					}
				}
			},
			{
				"name": "plt_email_notify_2",
				"type": "ExecutePipeline",
				"dependsOn": [
					{
						"activity": "Get_Object_Metadata",
						"dependencyConditions": [
							"Failed"
						]
					}
				],
				"policy": {
					"secureInput": false
				},
				"userProperties": [],
				"typeProperties": {
					"pipeline": {
						"referenceName": "plt_email_notify",
						"type": "PipelineReference"
					},
					"waitOnCompletion": true,
					"parameters": {
						"EmailSender": {
							"value": "@pipeline().globalParameters.par_email_sender",
							"type": "Expression"
						},
						"EmailRecipient": {
							"value": "@pipeline().parameters.p_email_recipient",
							"type": "Expression"
						},
						"EmailSubject": {
							"value": "@concat('ISDC ', toUpper(pipeline().globalParameters.par_env),' - ',  pipeline().Pipeline, ' Failed')",
							"type": "Expression"
						},
						"EmailContentHTML": {
							"value": "@concat('PipelineName: ', pipeline().Pipeline, \n'<br>', activity('Get_Object_Metadata').error?.message)",
							"type": "Expression"
						}
					}
				}
			}
		],
		"parameters": {
			"p_application": {
				"type": "string",
				"defaultValue": "DEEP"
			},
			"p_object_name": {
				"type": "string",
				"defaultValue": "BOP_EOP"
			},
			"p_util_schema": {
				"type": "string",
				"defaultValue": "UTIL"
			},
			"p_email_recipient": {
				"type": "string",
				"defaultValue": "ism_deep_de@ds.uhc.com"
			},
			"p_wrk_schema": {
				"type": "string",
				"defaultValue": "BDR_FFP_DA_WRK"
			}
		},
		"variables": {
			"Completed": {
				"type": "String"
			}
		},
		"folder": {
			"name": "Analytics/Workflows"
		},
		"annotations": []
	}
}