{
	"name": "wf_DRIVE_TO_DIGITAL",
	"properties": {
		"activities": [
			{
				"name": "Start Log",
				"type": "Script",
				"dependsOn": [
					{
						"activity": "Start the Process",
						"dependencyConditions": [
							"Succeeded"
						]
					}
				],
				"policy": {
					"timeout": "0.12:00:00",
					"retry": 0,
					"retryIntervalInSeconds": 30,
					"secureOutput": false,
					"secureInput": false
				},
				"userProperties": [],
				"linkedServiceName": {
					"referenceName": "ls_sf_isdc",
					"type": "LinkedServiceReference",
					"parameters": {
						"par_sf_acct": {
							"value": "@pipeline().globalParameters.par_sf_acct",
							"type": "Expression"
						},
						"par_sf_user": {
							"value": "@pipeline().globalParameters.par_sf_user",
							"type": "Expression"
						},
						"par_sf_db": {
							"value": "@pipeline().globalParameters.par_sf_db",
							"type": "Expression"
						},
						"par_sf_wh": {
							"value": "@pipeline().globalParameters.par_sf_wh",
							"type": "Expression"
						},
						"par_sf_role": {
							"value": "@pipeline().globalParameters.par_sf_role",
							"type": "Expression"
						}
					}
				},
				"typeProperties": {
					"scripts": [
						{
							"type": "NonQuery",
							"text": {
								"value": "@concat(\n'INSERT INTO UTIL.PROCESS_RUN_LOGS_ANALYTICS\n(\nPIPELINE_ID,\nPIPELINE_NAME,\nPROCESS_NAME,\nSUB_PROCESS_NAME,\nSTART_DATETIME,\nSTATUS,\nDATAFACTORY,\nTRIGGER_NAME,\nTRIGGER_TYPE,\nTRIGGER_TIME,\nAPP_NAME\n)\nVALUES (''',pipeline().RunId,''',','''',pipeline().Pipeline,''',\n','''',pipeline().parameters.p_application,''',','''',pipeline().parameters.p_object_name,\n''',','''',pipeline().TriggerTime,''',','''Running'',','''',pipeline().DataFactory,''',','''',pipeline().TriggerName,''',','''',pipeline().TriggerType,''',','''',pipeline().TriggerTime,''',','''DEEP'');')",
								"type": "Expression"
							}
						}
					],
					"scriptBlockExecutionTimeout": "02:00:00"
				}
			},
			{
				"name": "Get_Object_Metadata",
				"type": "Lookup",
				"dependsOn": [
					{
						"activity": "Start Log",
						"dependencyConditions": [
							"Succeeded"
						]
					}
				],
				"policy": {
					"timeout": "0.12:00:00",
					"retry": 0,
					"retryIntervalInSeconds": 30,
					"secureOutput": false,
					"secureInput": false
				},
				"userProperties": [],
				"typeProperties": {
					"source": {
						"type": "SnowflakeV2Source",
						"query": {
							"value": "@concat('select\nPGM.OBJECT_DB,\nPGM.OBJECT_SCHEMA,\nPGM.OBJECT_NAME,  \nPGM.OBJECT_SIGNATURE\nFROM UTIL.PROGRAM_LIST_ANALYTICS PGM JOIN UTIL.PROCESS_LIST_ANALYTICS PRC ON\nPGM.PROCESS_NAME = PRC.PROCESS_NAME AND PGM.DATA_FACTORY_NAME = PRC.DATA_FACTORY_NAME AND PRC.ACTIVE_INDC = ''Y''\nWHERE \nPGM.PROCESS_NAME = substr(','''', pipeline().Pipeline,'''', ',4)\n')",
							"type": "Expression"
						},
						"exportSettings": {
							"type": "SnowflakeExportCopyCommand"
						}
					},
					"dataset": {
						"referenceName": "ds_sf_isdc",
						"type": "DatasetReference",
						"parameters": {
							"par_sf_acct": {
								"value": "@pipeline().globalParameters.par_sf_acct",
								"type": "Expression"
							},
							"par_sf_user": {
								"value": "@pipeline().globalParameters.par_sf_user",
								"type": "Expression"
							},
							"par_sf_db": {
								"value": "@pipeline().globalParameters.par_sf_db",
								"type": "Expression"
							},
							"par_sf_wh": {
								"value": "@pipeline().globalParameters.par_sf_wh",
								"type": "Expression"
							},
							"par_sf_role": {
								"value": "@pipeline().globalParameters.par_sf_role",
								"type": "Expression"
							}
						}
					},
					"firstRowOnly": false
				}
			},
			{
				"name": "DRIVE_TO_DIGITAL",
				"description": "This script is calling \nSP_DRIVE_TO_DIGITAL Stored Procedure",
				"type": "Script",
				"dependsOn": [
					{
						"activity": "Get_Object_Metadata",
						"dependencyConditions": [
							"Succeeded"
						]
					}
				],
				"policy": {
					"timeout": "0.12:00:00",
					"retry": 0,
					"retryIntervalInSeconds": 30,
					"secureOutput": false,
					"secureInput": false
				},
				"userProperties": [],
				"linkedServiceName": {
					"referenceName": "ls_sf_isdc",
					"type": "LinkedServiceReference",
					"parameters": {
						"par_sf_acct": {
							"value": "@pipeline().globalParameters.par_sf_acct",
							"type": "Expression"
						},
						"par_sf_user": {
							"value": "@pipeline().globalParameters.par_sf_user",
							"type": "Expression"
						},
						"par_sf_db": {
							"value": "@pipeline().globalParameters.par_sf_db",
							"type": "Expression"
						},
						"par_sf_wh": {
							"value": "@pipeline().globalParameters.par_sf_wh",
							"type": "Expression"
						},
						"par_sf_role": {
							"value": "@pipeline().globalParameters.par_sf_role",
							"type": "Expression"
						}
					}
				},
				"typeProperties": {
					"scripts": [
						{
							"type": "NonQuery",
							"text": {
								"value": "@concat(\n'CALL ',\nstring(activity(\n'Get_Object_Metadata'\n).output.value[0].OBJECT_DB), '.', \nstring(activity(\n'Get_Object_Metadata'\n).output.value[0].OBJECT_SCHEMA),'.','SP_DRIVE_TO_DIGITAL','(','''',pipeline().RunId,'''',',','''',pipeline().Pipeline,'''',',',string(activity(\n'Get_Object_Metadata'\n).output.value[0].OBJECT_SIGNATURE),')'\n\n)",
								"type": "Expression"
							}
						}
					],
					"scriptBlockExecutionTimeout": "02:00:00"
				}
			},
			{
				"name": "On Complete End Log",
				"type": "Script",
				"dependsOn": [
					{
						"activity": "Delete Files After Sending Email",
						"dependencyConditions": [
							"Succeeded"
						]
					}
				],
				"policy": {
					"timeout": "0.12:00:00",
					"retry": 0,
					"retryIntervalInSeconds": 30,
					"secureOutput": false,
					"secureInput": false
				},
				"userProperties": [],
				"linkedServiceName": {
					"referenceName": "ls_sf_isdc",
					"type": "LinkedServiceReference",
					"parameters": {
						"par_sf_acct": {
							"value": "@pipeline().globalParameters.par_sf_acct",
							"type": "Expression"
						},
						"par_sf_user": {
							"value": "@pipeline().globalParameters.par_sf_user",
							"type": "Expression"
						},
						"par_sf_db": {
							"value": "@pipeline().globalParameters.par_sf_db",
							"type": "Expression"
						},
						"par_sf_wh": {
							"value": "@pipeline().globalParameters.par_sf_wh",
							"type": "Expression"
						},
						"par_sf_role": {
							"value": "@pipeline().globalParameters.par_sf_role",
							"type": "Expression"
						}
					}
				},
				"typeProperties": {
					"scripts": [
						{
							"type": "NonQuery",
							"text": {
								"value": "@concat(\n'EXECUTE IMMEDIATE ','''','UPDATE ',\nstring(activity('Get_Object_Metadata').output.value[0].OBJECT_DB), '.', \npipeline().parameters.p_util_schema,'.','PROCESS_RUN_LOGS_ANALYTICS SET STATUS=','''','''','COMPLETED','''','''',',','END_DATETIME=','''','''',convertTimeZone(activity('DRIVE_TO_DIGITAL').ExecutionEndTime, 'UTC', 'Central Standard Time'),'''','''',' WHERE PIPELINE_ID=','''','''',pipeline().RunId,'''','''',''''\n)\n",
								"type": "Expression"
							}
						}
					],
					"scriptBlockExecutionTimeout": "02:00:00"
				}
			},
			{
				"name": "Set_variable",
				"type": "SetVariable",
				"dependsOn": [
					{
						"activity": "plt_email_success",
						"dependencyConditions": [
							"Succeeded"
						]
					}
				],
				"policy": {
					"secureOutput": false,
					"secureInput": false
				},
				"userProperties": [],
				"typeProperties": {
					"variableName": "Completed",
					"value": "Process is completed"
				}
			},
			{
				"name": "End Process",
				"type": "SetVariable",
				"dependsOn": [
					{
						"activity": "On Complete End Log",
						"dependencyConditions": [
							"Succeeded"
						]
					}
				],
				"policy": {
					"secureOutput": false,
					"secureInput": false
				},
				"userProperties": [],
				"typeProperties": {
					"variableName": "Endtime",
					"value": {
						"value": "@formatDateTime(utcNow(),'yyyy-MM-ddTHH:mm:ss')",
						"type": "Expression"
					}
				}
			},
			{
				"name": "plt_email_success",
				"type": "ExecutePipeline",
				"dependsOn": [
					{
						"activity": "End Process",
						"dependencyConditions": [
							"Succeeded"
						]
					}
				],
				"policy": {
					"secureInput": false
				},
				"userProperties": [],
				"typeProperties": {
					"pipeline": {
						"referenceName": "plt_email_success",
						"type": "PipelineReference"
					},
					"waitOnCompletion": true,
					"parameters": {
						"EmailSender": {
							"value": "@pipeline().globalParameters.par_email_sender",
							"type": "Expression"
						},
						"EmailRecipient": {
							"value": "[{\"emailAddress\":{\"address\":\"ISM_DEEP_DE@ds.uhc.com\"}},{\"emailAddress\":{\"address\":\"meghan_gardy@optum.com\"}},\n    {\"emailAddress\":{\"address\":\"mary_herries@optum.com\"}}]",
							"type": "Expression"
						},
						"EmailSubject": {
							"value": "@concat('ISDC ', toUpper(pipeline().globalParameters.par_env),' - ',  pipeline().Pipeline, '  Success')",
							"type": "Expression"
						},
						"EmailContentHTML": {
							"value": "@concat('The    ',pipeline().parameters.p_application, '  ETL has completed successfully.','</br>','   ',\n\n'</br>','Environment : ', pipeline().DataFactory,'</br>','  ',\n\n'</br>','WorkFlow : ', pipeline().Pipeline,'</br>','  ',\n'</br>','Started At :',variables('start_time'),'</br>','  ',\n\n'</br>','Completed At :',variables('Endtime'),'</br>','  ',\n\n'</br>',' Please check ETL_BATCH_OBJECT_CONTROL_ANALYTICS & ETL_BATCH_OBJECT_CONTROL_LOG_ANALYTICS tables for more details.','</br>','  ','</br>','This is an automatically generated message. Please Do not reply.','</br>','  ','</br>','Contact ISDC Support for any further information.','</br>','  ','</br>','******************************************************')",
							"type": "Expression"
						}
					}
				}
			},
			{
				"name": "plt_email_notify",
				"type": "ExecutePipeline",
				"dependsOn": [
					{
						"activity": "plt_email_success",
						"dependencyConditions": [
							"Failed"
						]
					}
				],
				"policy": {
					"secureInput": false
				},
				"userProperties": [],
				"typeProperties": {
					"pipeline": {
						"referenceName": "plt_email_notify",
						"type": "PipelineReference"
					},
					"waitOnCompletion": true,
					"parameters": {
						"EmailSender": {
							"value": "@pipeline().globalParameters.par_email_sender",
							"type": "Expression"
						},
						"EmailRecipient": {
							"value": "@pipeline().parameters.p_email_recipient",
							"type": "Expression"
						},
						"EmailSubject": {
							"value": "@concat('ISDC ', toUpper(pipeline().globalParameters.par_env),' - ',  pipeline().Pipeline, ' Failed')",
							"type": "Expression"
						},
						"EmailContentHTML": {
							"value": "@if(equals(activity('Start Log').status,'Succeeded'),\nif(equals(activity('Get_Object_Metadata').status,'Succeeded'),\nif(equals(activity('DRIVE_TO_DIGITAL').status,'Succeeded'),\nif(equals(activity('Get Dat File Metadata').status,'Succeeded'),\nif(equals(activity('plt_email_notify_attachment_copy1').status,'Succeeded'),\nif(equals(activity('Delete Files After Sending Email').status,'Succeeded'),\nif(equals(activity('On Complete End Log').status,'Succeeded'),\nif(equals(activity('plt_email_success').status,'Succeeded'),'Pipeline executed but skipped' ,\nconcat('PipelineName: ', pipeline().Pipeline, '<br>', activity('plt_email_success').error.message) ),\nconcat('PipelineName: ', pipeline().Pipeline, '<br>', activity('On Complete End Log').error.message) ),\nconcat('PipelineName: ', pipeline().Pipeline, '<br>', activity('Delete Files After Sending Email').error.message) ),\nconcat('PipelineName: ', pipeline().Pipeline, '<br>', activity('plt_email_notify_attachment_copy1').error.message) ),\nconcat('PipelineName: ', pipeline().Pipeline, '<br>', activity('Get Dat File Metadata').error.message) ),\nconcat('PipelineName: ', pipeline().Pipeline, '<br>', activity('DRIVE_TO_DIGITAL').error.message) ),\nconcat('PipelineName: ', pipeline().Pipeline, '<br>', activity('Get_Object_Metadata').error.message) ),\nconcat('PipelineName: ', pipeline().Pipeline, '<br>', activity('Start Log').error.message) )\n",
							"type": "Expression"
						}
					}
				}
			},
			{
				"name": "Start the Process",
				"type": "SetVariable",
				"dependsOn": [],
				"policy": {
					"secureOutput": false,
					"secureInput": false
				},
				"userProperties": [],
				"typeProperties": {
					"variableName": "start_time",
					"value": {
						"value": "@formatDateTime(utcNow(),'yyyy-MM-ddTHH:mm:ss')",
						"type": "Expression"
					}
				}
			},
			{
				"name": "Get Dat File Metadata",
				"description": "Get File Metadata",
				"type": "GetMetadata",
				"dependsOn": [
					{
						"activity": "DRIVE_TO_DIGITAL",
						"dependencyConditions": [
							"Succeeded"
						]
					}
				],
				"policy": {
					"timeout": "0.12:00:00",
					"retry": 2,
					"retryIntervalInSeconds": 300,
					"secureOutput": false,
					"secureInput": false
				},
				"userProperties": [],
				"typeProperties": {
					"dataset": {
						"referenceName": "ds_ablob_files",
						"type": "DatasetReference",
						"parameters": {
							"p_folder_name": {
								"value": "@concat(pipeline().globalParameters.par_env, '/analytics/outbox/drive_to_digital/')",
								"type": "Expression"
							},
							"p_hotstore_endpoint": "@pipeline().globalParameters.par_blob_hotstore_endpoint"
						}
					},
					"fieldList": [
						"childItems"
					],
					"storeSettings": {
						"type": "AzureBlobStorageReadSettings",
						"recursive": true,
						"enablePartitionDiscovery": false
					},
					"formatSettings": {
						"type": "DelimitedTextReadSettings"
					}
				}
			},
			{
				"name": "plt_email_notify_attachment_copy1",
				"type": "ExecutePipeline",
				"dependsOn": [
					{
						"activity": "Get Dat File Metadata",
						"dependencyConditions": [
							"Succeeded"
						]
					}
				],
				"policy": {
					"secureInput": false
				},
				"userProperties": [],
				"typeProperties": {
					"pipeline": {
						"referenceName": "plt_email_notify_attachment",
						"type": "PipelineReference"
					},
					"waitOnCompletion": true,
					"parameters": {
						"EmailSender": {
							"value": "@pipeline().globalParameters.par_email_sender",
							"type": "Expression"
						},
						"EmailRecipient": {
							"value": "srikanth_madapati@optum.com",
							"type": "Expression"
						},
						"EmailContentHTML": {
							"value": "@concat('Please find the Drive to Digital QC attachments   ',concat(formatDateTime(convertTimeZone(utcnow(), 'UTC', 'Central Standard Time'), 'yyyy'),'-',formatDateTime(convertTimeZone(utcnow(), 'UTC', 'Central Standard Time'),'MM'),'-',formatDateTime(convertTimeZone(utcnow(), 'UTC', 'Central Standard Time'),'dd')))",
							"type": "Expression"
						},
						"Multiple_Emails": {
							"value": "[{\"emailAddress\":{\"address\":\"ISM_DEEP_DE@ds.uhc.com\"}},{\"emailAddress\":{\"address\":\"meghan_gardy@optum.com\"}},{\"emailAddress\":{\"address\":\"mary_herries@optum.com\"}}]",
							"type": "Expression"
						},
						"EmailSubject": {
							"value": "Drive_to_Digital",
							"type": "Expression"
						},
						"Folder_Name": {
							"value": "@concat(pipeline().globalParameters.par_env, '/analytics/outbox/drive_to_digital/')",
							"type": "Expression"
						},
						"File_Name": {
							"value": "@concat('drive_to_digital*.csv')",
							"type": "Expression"
						}
					}
				}
			},
			{
				"name": "Delete Files After Sending Email",
				"type": "Delete",
				"dependsOn": [
					{
						"activity": "plt_email_notify_attachment_copy1",
						"dependencyConditions": [
							"Succeeded"
						]
					}
				],
				"policy": {
					"timeout": "0.12:00:00",
					"retry": 2,
					"retryIntervalInSeconds": 300,
					"secureOutput": false,
					"secureInput": false
				},
				"userProperties": [],
				"typeProperties": {
					"dataset": {
						"referenceName": "ds_ablob_files",
						"type": "DatasetReference",
						"parameters": {
							"p_folder_name": {
								"value": "@concat(pipeline().globalParameters.par_env, '/analytics/outbox/drive_to_digital/')",
								"type": "Expression"
							},
							"p_hotstore_endpoint": "@pipeline().globalParameters.par_blob_hotstore_endpoint"
						}
					},
					"enableLogging": false,
					"storeSettings": {
						"type": "AzureBlobStorageReadSettings",
						"recursive": true,
						"wildcardFileName": "drive_to_digital*.csv",
						"enablePartitionDiscovery": false
					}
				}
			}
		],
		"parameters": {
			"p_application": {
				"type": "string",
				"defaultValue": "DEEP"
			},
			"p_object_name": {
				"type": "string",
				"defaultValue": "DRIVE_TO_DIGITAL"
			},
			"p_util_schema": {
				"type": "string",
				"defaultValue": "UTIL"
			},
			"p_email_recipient": {
				"type": "string",
				"defaultValue": "ism_deep_de@ds.uhc.com"
			}
		},
		"variables": {
			"Completed": {
				"type": "String"
			},
			"start_time": {
				"type": "String"
			},
			"Endtime": {
				"type": "String"
			},
			"File_Not_Present": {
				"type": "String"
			}
		},
		"folder": {
			"name": "Analytics/Workflows"
		},
		"annotations": []
	}
}