{
	"name": "wf_ENROLLEMENT_AEP_PHASE_2",
	"properties": {
		"activities": [
			{
				"name": "Start Log",
				"type": "Script",
				"dependsOn": [
					{
						"activity": "Start the Porcess",
						"dependencyConditions": [
							"Succeeded"
						]
					}
				],
				"policy": {
					"timeout": "0.12:00:00",
					"retry": 0,
					"retryIntervalInSeconds": 30,
					"secureOutput": false,
					"secureInput": false
				},
				"userProperties": [],
				"linkedServiceName": {
					"referenceName": "ls_sf_isdc",
					"type": "LinkedServiceReference",
					"parameters": {
						"par_sf_acct": {
							"value": "@pipeline().globalParameters.par_sf_acct",
							"type": "Expression"
						},
						"par_sf_user": {
							"value": "@pipeline().globalParameters.par_sf_user",
							"type": "Expression"
						},
						"par_sf_db": {
							"value": "@pipeline().globalParameters.par_sf_db",
							"type": "Expression"
						},
						"par_sf_wh": {
							"value": "@pipeline().globalParameters.par_sf_wh",
							"type": "Expression"
						},
						"par_sf_role": {
							"value": "@pipeline().globalParameters.par_sf_role",
							"type": "Expression"
						}
					}
				},
				"typeProperties": {
					"scripts": [
						{
							"type": "NonQuery",
							"text": {
								"value": "@concat(\n'INSERT INTO UTIL.PROCESS_RUN_LOGS_ANALYTICS\n(\nPIPELINE_ID,\nPIPELINE_NAME,\nPROCESS_NAME,\nSUB_PROCESS_NAME,\nSTART_DATETIME,\nSTATUS,\nDATAFACTORY,\nTRIGGER_NAME,\nTRIGGER_TYPE,\nTRIGGER_TIME,\nAPP_NAME\n)\nVALUES (''',pipeline().RunId,''',','''',pipeline().Pipeline,''',\n','''',pipeline().parameters.p_application,''',','''',pipeline().parameters.p_object_name,\n''',','''',pipeline().TriggerTime,''',','''Running'',','''',pipeline().DataFactory,''',','''',pipeline().TriggerName,''',','''',pipeline().TriggerType,''',','''',pipeline().TriggerTime,''',','''DEEP'');')",
								"type": "Expression"
							}
						}
					],
					"scriptBlockExecutionTimeout": "02:00:00"
				}
			},
			{
				"name": "Get_Object_Metadata",
				"type": "Lookup",
				"dependsOn": [
					{
						"activity": "Start Log",
						"dependencyConditions": [
							"Succeeded"
						]
					}
				],
				"policy": {
					"timeout": "0.12:00:00",
					"retry": 0,
					"retryIntervalInSeconds": 30,
					"secureOutput": false,
					"secureInput": false
				},
				"userProperties": [],
				"typeProperties": {
					"source": {
						"type": "SnowflakeV2Source",
						"query": {
							"value": "@concat('select\nPGM.OBJECT_DB,\nPGM.OBJECT_SCHEMA,\nPGM.OBJECT_NAME,  \nPGM.OBJECT_SIGNATURE\nFROM UTIL.PROGRAM_LIST_ANALYTICS PGM JOIN UTIL.PROCESS_LIST_ANALYTICS PRC ON\nPGM.PROCESS_NAME = PRC.PROCESS_NAME AND PGM.DATA_FACTORY_NAME = PRC.DATA_FACTORY_NAME AND PRC.ACTIVE_INDC = ''Y''\nWHERE \nPGM.PROCESS_NAME = substr(','''', pipeline().Pipeline,'''', ',4)\n')",
							"type": "Expression"
						},
						"exportSettings": {
							"type": "SnowflakeExportCopyCommand"
						}
					},
					"dataset": {
						"referenceName": "ds_sf_isdc",
						"type": "DatasetReference",
						"parameters": {
							"par_sf_acct": {
								"value": "@pipeline().globalParameters.par_sf_acct",
								"type": "Expression"
							},
							"par_sf_user": {
								"value": "@pipeline().globalParameters.par_sf_user",
								"type": "Expression"
							},
							"par_sf_db": {
								"value": "@pipeline().globalParameters.par_sf_db",
								"type": "Expression"
							},
							"par_sf_wh": {
								"value": "@pipeline().globalParameters.par_sf_wh",
								"type": "Expression"
							},
							"par_sf_role": {
								"value": "@pipeline().globalParameters.par_sf_role",
								"type": "Expression"
							}
						}
					},
					"firstRowOnly": false
				}
			},
			{
				"name": "ENROLLEMENT_AEP_PHASE_2",
				"type": "Script",
				"dependsOn": [
					{
						"activity": "Get_Object_Metadata",
						"dependencyConditions": [
							"Succeeded"
						]
					}
				],
				"policy": {
					"timeout": "0.12:00:00",
					"retry": 0,
					"retryIntervalInSeconds": 30,
					"secureOutput": false,
					"secureInput": false
				},
				"userProperties": [],
				"linkedServiceName": {
					"referenceName": "ls_sf_isdc",
					"type": "LinkedServiceReference",
					"parameters": {
						"par_sf_acct": {
							"value": "@pipeline().globalParameters.par_sf_acct",
							"type": "Expression"
						},
						"par_sf_user": {
							"value": "@pipeline().globalParameters.par_sf_user",
							"type": "Expression"
						},
						"par_sf_db": {
							"value": "@pipeline().globalParameters.par_sf_db",
							"type": "Expression"
						},
						"par_sf_wh": {
							"value": "@pipeline().globalParameters.par_sf_wh",
							"type": "Expression"
						},
						"par_sf_role": {
							"value": "@pipeline().globalParameters.par_sf_role",
							"type": "Expression"
						}
					}
				},
				"typeProperties": {
					"scripts": [
						{
							"type": "NonQuery",
							"text": {
								"value": "@concat(\n'CALL ',\nstring(activity(\n'Get_Object_Metadata'\n).output.value[0].OBJECT_DB), '.', \nstring(activity(\n'Get_Object_Metadata'\n).output.value[0].OBJECT_SCHEMA),'.','SP_ENROLLEMENT_AEP_PHASE_2','(','''',pipeline().RunId,'''',',','''',pipeline().Pipeline,'''',',',string(activity(\n'Get_Object_Metadata'\n).output.value[0].OBJECT_SIGNATURE),')'\n\n)",
								"type": "Expression"
							}
						}
					],
					"scriptBlockExecutionTimeout": "02:00:00"
				}
			},
			{
				"name": "On Complete End Log",
				"type": "Script",
				"dependsOn": [
					{
						"activity": "ENROLLEMENT_AEP_PHASE_2",
						"dependencyConditions": [
							"Succeeded"
						]
					}
				],
				"policy": {
					"timeout": "0.12:00:00",
					"retry": 0,
					"retryIntervalInSeconds": 30,
					"secureOutput": false,
					"secureInput": false
				},
				"userProperties": [],
				"linkedServiceName": {
					"referenceName": "ls_sf_isdc",
					"type": "LinkedServiceReference",
					"parameters": {
						"par_sf_acct": {
							"value": "@pipeline().globalParameters.par_sf_acct",
							"type": "Expression"
						},
						"par_sf_user": {
							"value": "@pipeline().globalParameters.par_sf_user",
							"type": "Expression"
						},
						"par_sf_db": {
							"value": "@pipeline().globalParameters.par_sf_db",
							"type": "Expression"
						},
						"par_sf_wh": {
							"value": "@pipeline().globalParameters.par_sf_wh",
							"type": "Expression"
						},
						"par_sf_role": {
							"value": "@pipeline().globalParameters.par_sf_role",
							"type": "Expression"
						}
					}
				},
				"typeProperties": {
					"scripts": [
						{
							"type": "NonQuery",
							"text": {
								"value": "@concat(\n'EXECUTE IMMEDIATE ','''','UPDATE ',\nstring(activity('Get_Object_Metadata').output.value[0].OBJECT_DB), '.', \npipeline().parameters.p_util_schema,'.','PROCESS_RUN_LOGS_ANALYTICS SET STATUS=','''','''','COMPLETED','''','''',',','END_DATETIME=','''','''',convertTimeZone(activity('ENROLLEMENT_AEP_PHASE_2').ExecutionEndTime, 'UTC', 'Central Standard Time'),'''','''',' WHERE PIPELINE_ID=','''','''',pipeline().RunId,'''','''',''''\n)\n",
								"type": "Expression"
							}
						}
					],
					"scriptBlockExecutionTimeout": "02:00:00"
				}
			},
			{
				"name": "Set_variable",
				"type": "SetVariable",
				"dependsOn": [
					{
						"activity": "plt_email_success",
						"dependencyConditions": [
							"Succeeded"
						]
					}
				],
				"policy": {
					"secureOutput": false,
					"secureInput": false
				},
				"userProperties": [],
				"typeProperties": {
					"variableName": "Completed",
					"value": "Process is completed"
				}
			},
			{
				"name": "plt_email_notify",
				"type": "ExecutePipeline",
				"dependsOn": [
					{
						"activity": "Start Log",
						"dependencyConditions": [
							"Failed"
						]
					}
				],
				"policy": {
					"secureInput": false
				},
				"userProperties": [],
				"typeProperties": {
					"pipeline": {
						"referenceName": "plt_email_notify",
						"type": "PipelineReference"
					},
					"waitOnCompletion": true,
					"parameters": {
						"EmailSender": {
							"value": "@pipeline().globalParameters.par_email_sender",
							"type": "Expression"
						},
						"EmailRecipient": {
							"value": "@pipeline().parameters.p_email_recipient",
							"type": "Expression"
						},
						"EmailSubject": {
							"value": "@concat('ISDC ', toUpper(pipeline().globalParameters.par_env),' - ',  pipeline().Pipeline, ' Failed')",
							"type": "Expression"
						},
						"EmailContentHTML": {
							"value": "@concat('PipelineName: ', pipeline().Pipeline, \n'<br>', activity('Start Log').error?.message)",
							"type": "Expression"
						}
					}
				}
			},
			{
				"name": "plt_email_notify_1",
				"type": "ExecutePipeline",
				"dependsOn": [
					{
						"activity": "Get_Object_Metadata",
						"dependencyConditions": [
							"Failed"
						]
					}
				],
				"policy": {
					"secureInput": false
				},
				"userProperties": [],
				"typeProperties": {
					"pipeline": {
						"referenceName": "plt_email_notify",
						"type": "PipelineReference"
					},
					"waitOnCompletion": true,
					"parameters": {
						"EmailSender": {
							"value": "@pipeline().globalParameters.par_email_sender",
							"type": "Expression"
						},
						"EmailRecipient": {
							"value": "@pipeline().parameters.p_email_recipient",
							"type": "Expression"
						},
						"EmailSubject": {
							"value": "@concat('ISDC ', toUpper(pipeline().globalParameters.par_env),' - ',  pipeline().Pipeline, ' Failed')",
							"type": "Expression"
						},
						"EmailContentHTML": {
							"value": "@concat('PipelineName: ', pipeline().Pipeline, \n'<br>', activity('Start Log').error?.message)",
							"type": "Expression"
						}
					}
				}
			},
			{
				"name": "plt_email_notify_2",
				"type": "ExecutePipeline",
				"dependsOn": [
					{
						"activity": "ENROLLEMENT_AEP_PHASE_2",
						"dependencyConditions": [
							"Failed"
						]
					}
				],
				"policy": {
					"secureInput": false
				},
				"userProperties": [],
				"typeProperties": {
					"pipeline": {
						"referenceName": "plt_email_notify",
						"type": "PipelineReference"
					},
					"waitOnCompletion": true,
					"parameters": {
						"EmailSender": {
							"value": "@pipeline().globalParameters.par_email_sender",
							"type": "Expression"
						},
						"EmailRecipient": {
							"value": "@pipeline().parameters.p_email_recipient",
							"type": "Expression"
						},
						"EmailSubject": {
							"value": "@concat('ISDC ', toUpper(pipeline().globalParameters.par_env),' - ',  pipeline().Pipeline, ' Failed')",
							"type": "Expression"
						},
						"EmailContentHTML": {
							"value": "@concat('PipelineName: ', pipeline().Pipeline, \n'<br>', activity('Start Log').error?.message)",
							"type": "Expression"
						}
					}
				}
			},
			{
				"name": "plt_email_notify_3",
				"type": "ExecutePipeline",
				"dependsOn": [
					{
						"activity": "On Complete End Log",
						"dependencyConditions": [
							"Failed"
						]
					}
				],
				"policy": {
					"secureInput": false
				},
				"userProperties": [],
				"typeProperties": {
					"pipeline": {
						"referenceName": "plt_email_notify",
						"type": "PipelineReference"
					},
					"waitOnCompletion": true,
					"parameters": {
						"EmailSender": {
							"value": "@pipeline().globalParameters.par_email_sender",
							"type": "Expression"
						},
						"EmailRecipient": {
							"value": "@pipeline().parameters.p_email_recipient",
							"type": "Expression"
						},
						"EmailSubject": {
							"value": "@concat('ISDC ', toUpper(pipeline().globalParameters.par_env),' - ',  pipeline().Pipeline, ' Failed')",
							"type": "Expression"
						},
						"EmailContentHTML": {
							"value": "@concat('PipelineName: ', pipeline().Pipeline, \n'<br>', activity('Start Log').error?.message)",
							"type": "Expression"
						}
					}
				}
			},
			{
				"name": "Start the Porcess",
				"type": "SetVariable",
				"dependsOn": [],
				"policy": {
					"secureOutput": false,
					"secureInput": false
				},
				"userProperties": [],
				"typeProperties": {
					"variableName": "start_time",
					"value": {
						"value": "@formatDateTime(utcNow(),'yyyy-MM-ddTHH:mm:ss')",
						"type": "Expression"
					}
				}
			},
			{
				"name": "End Process",
				"type": "SetVariable",
				"dependsOn": [
					{
						"activity": "On Complete End Log",
						"dependencyConditions": [
							"Succeeded"
						]
					}
				],
				"policy": {
					"secureOutput": false,
					"secureInput": false
				},
				"userProperties": [],
				"typeProperties": {
					"variableName": "Endtime",
					"value": {
						"value": "@formatDateTime(utcNow(),'yyyy-MM-ddTHH:mm:ss')",
						"type": "Expression"
					}
				}
			},
			{
				"name": "plt_email_success",
				"type": "ExecutePipeline",
				"dependsOn": [
					{
						"activity": "End Process",
						"dependencyConditions": [
							"Succeeded"
						]
					}
				],
				"policy": {
					"secureInput": false
				},
				"userProperties": [],
				"typeProperties": {
					"pipeline": {
						"referenceName": "plt_email_success",
						"type": "PipelineReference"
					},
					"waitOnCompletion": true,
					"parameters": {
						"EmailSender": {
							"value": "@pipeline().globalParameters.par_email_sender",
							"type": "Expression"
						},
						"EmailRecipient": {
							"value": "[{\"emailAddress\":{\"address\":\"ISM_DEEP_DE@ds.uhc.com\"}},{\"emailAddress\":{\"address\":\"zeenat.fatima@optum.com\"}},{\"emailAddress\":{\"address\":\"shivam_mittal@optum.com\"}},{\"emailAddress\":{\"address\":\"sanjayagrawal@optum.com\"}}]",
							"type": "Expression"
						},
						"EmailSubject": {
							"value": "@concat('ISDC ', toUpper(pipeline().globalParameters.par_env),' - ',  pipeline().Pipeline, '  Success')",
							"type": "Expression"
						},
						"EmailContentHTML": {
							"value": "@concat('The    ',pipeline().parameters.p_application, '  ETL has completed successfully.','</br>','   ',\n\n'</br>','Environment : ', pipeline().DataFactory,'</br>','  ',\n\n'</br>','WorkFlow : ', pipeline().Pipeline,'</br>','  ',\n'</br>','Started At :',variables('start_time'),'</br>','  ',\n\n'</br>','Completed At :',variables('Endtime'),'</br>','  ',\n\n'</br>',' Please check ETL_BATCH_OBJECT_CONTROL_ANALYTICS & ETL_BATCH_OBJECT_CONTROL_LOG_ANALYTICS tables for more details.','</br>','  ','</br>','This is an automatically generated message. Please Do not reply.','</br>','  ','</br>','Contact ISDC Support for any further information.','</br>','  ','</br>','******************************************************')",
							"type": "Expression"
						}
					}
				}
			},
			{
				"name": "plt_email_notify_4",
				"type": "ExecutePipeline",
				"dependsOn": [
					{
						"activity": "plt_email_success",
						"dependencyConditions": [
							"Failed"
						]
					}
				],
				"policy": {
					"secureInput": false
				},
				"userProperties": [],
				"typeProperties": {
					"pipeline": {
						"referenceName": "plt_email_notify",
						"type": "PipelineReference"
					},
					"waitOnCompletion": true,
					"parameters": {
						"EmailSender": {
							"value": "@pipeline().globalParameters.par_email_sender",
							"type": "Expression"
						},
						"EmailRecipient": {
							"value": "@pipeline().parameters.p_email_recipient",
							"type": "Expression"
						},
						"EmailSubject": {
							"value": "@concat('ISDC ', toUpper(pipeline().globalParameters.par_env),' - ',  pipeline().Pipeline, ' Failed')",
							"type": "Expression"
						},
						"EmailContentHTML": {
							"value": "@concat('PipelineName: ', pipeline().Pipeline, \n'<br>', activity('Start Log').error?.message)",
							"type": "Expression"
						}
					}
				}
			}
		],
		"parameters": {
			"p_application": {
				"type": "string",
				"defaultValue": "DEEP"
			},
			"p_object_name": {
				"type": "string",
				"defaultValue": "ENROLLEMENT_AEP_PHASE_2"
			},
			"p_util_schema": {
				"type": "string",
				"defaultValue": "UTIL"
			},
			"p_email_recipient": {
				"type": "string",
				"defaultValue": "ism_deep_de@ds.uhc.com"
			}
		},
		"variables": {
			"Completed": {
				"type": "String"
			},
			"start_time": {
				"type": "String"
			},
			"Endtime": {
				"type": "String"
			}
		},
		"folder": {
			"name": "Analytics/Workflows"
		},
		"annotations": []
	}
}