{
	"name": "wf_EPM",
	"properties": {
		"activities": [
			{
				"name": "Start Log",
				"type": "Script",
				"dependsOn": [
					{
						"activity": "If Dat File Exists",
						"dependencyConditions": [
							"Succeeded"
						]
					}
				],
				"policy": {
					"timeout": "0.12:00:00",
					"retry": 0,
					"retryIntervalInSeconds": 30,
					"secureOutput": false,
					"secureInput": false
				},
				"userProperties": [],
				"linkedServiceName": {
					"referenceName": "ls_sf_isdc",
					"type": "LinkedServiceReference",
					"parameters": {
						"par_sf_acct": {
							"value": "@pipeline().globalParameters.par_sf_acct",
							"type": "Expression"
						},
						"par_sf_user": {
							"value": "@pipeline().globalParameters.par_sf_user",
							"type": "Expression"
						},
						"par_sf_db": {
							"value": "@pipeline().globalParameters.par_sf_db",
							"type": "Expression"
						},
						"par_sf_wh": {
							"value": "@pipeline().globalParameters.par_sf_wh",
							"type": "Expression"
						},
						"par_sf_role": {
							"value": "@pipeline().globalParameters.par_sf_role",
							"type": "Expression"
						}
					}
				},
				"typeProperties": {
					"scripts": [
						{
							"type": "NonQuery",
							"text": {
								"value": "@concat(\n'INSERT INTO UTIL.PROCESS_RUN_LOGS_ANALYTICS\n(\nPIPELINE_ID,\nPIPELINE_NAME,\nPROCESS_NAME,\nSUB_PROCESS_NAME,\nSTART_DATETIME,\nSTATUS,\nDATAFACTORY,\nTRIGGER_NAME,\nTRIGGER_TYPE,\nTRIGGER_TIME,\nAPP_NAME\n)\nVALUES (''',pipeline().RunId,''',','''',pipeline().Pipeline,''',\n','''',pipeline().parameters.p_application,''',','''',pipeline().parameters.p_object_name,\n''',','''',pipeline().TriggerTime,''',','''Running'',','''',pipeline().DataFactory,''',','''',pipeline().TriggerName,''',','''',pipeline().TriggerType,''',','''',pipeline().TriggerTime,''',','''DEEP'');')",
								"type": "Expression"
							}
						}
					],
					"scriptBlockExecutionTimeout": "02:00:00"
				}
			},
			{
				"name": "EPM",
				"type": "DatabricksNotebook",
				"dependsOn": [
					{
						"activity": "Start Log",
						"dependencyConditions": [
							"Succeeded"
						]
					}
				],
				"policy": {
					"timeout": "0.12:00:00",
					"retry": 0,
					"retryIntervalInSeconds": 30,
					"secureOutput": false,
					"secureInput": false
				},
				"userProperties": [],
				"typeProperties": {
					"notebookPath": "/live/notebooks/epm/epm",
					"baseParameters": {
						"snowflake_url": {
							"value": "@concat('https://',pipeline().globalParameters.par_sf_acct,'.snowflakecomputing.com/')",
							"type": "Expression"
						},
						"snowflake_database": {
							"value": "@pipeline().globalParameters.par_sf_db",
							"type": "Expression"
						},
						"snowflake_schema": "BDR_FFP_DA_WRK",
						"snowflake_warehouse": {
							"value": "@pipeline().globalParameters.par_sf_wh",
							"type": "Expression"
						},
						"snowflake_role": {
							"value": "@pipeline().globalParameters.par_sf_role",
							"type": "Expression"
						},
						"snowflake_userid": {
							"value": "@pipeline().globalParameters.par_sf_user",
							"type": "Expression"
						}
					}
				},
				"linkedServiceName": {
					"referenceName": "ls_databricks_analytics",
					"type": "LinkedServiceReference",
					"parameters": {
						"par_dbw_domain": {
							"value": "@pipeline().globalParameters.par_dbw_domain",
							"type": "Expression"
						},
						"par_dbw_cluster_id": {
							"value": "@pipeline().globalParameters.par_dbw_cluster_id",
							"type": "Expression"
						},
						"par_dbw_tk_name": {
							"value": "@pipeline().globalParameters.par_dbw_tk_name",
							"type": "Expression"
						}
					}
				}
			},
			{
				"name": "On Complete End Log",
				"type": "Script",
				"dependsOn": [
					{
						"activity": "EPM",
						"dependencyConditions": [
							"Succeeded"
						]
					}
				],
				"policy": {
					"timeout": "0.12:00:00",
					"retry": 0,
					"retryIntervalInSeconds": 30,
					"secureOutput": false,
					"secureInput": false
				},
				"userProperties": [],
				"linkedServiceName": {
					"referenceName": "ls_sf_isdc",
					"type": "LinkedServiceReference",
					"parameters": {
						"par_sf_acct": {
							"value": "@pipeline().globalParameters.par_sf_acct",
							"type": "Expression"
						},
						"par_sf_user": {
							"value": "@pipeline().globalParameters.par_sf_user",
							"type": "Expression"
						},
						"par_sf_db": {
							"value": "@pipeline().globalParameters.par_sf_db",
							"type": "Expression"
						},
						"par_sf_wh": {
							"value": "@pipeline().globalParameters.par_sf_wh",
							"type": "Expression"
						},
						"par_sf_role": {
							"value": "@pipeline().globalParameters.par_sf_role",
							"type": "Expression"
						}
					}
				},
				"typeProperties": {
					"scripts": [
						{
							"type": "NonQuery",
							"text": {
								"value": "@concat(\n'EXECUTE IMMEDIATE ','''','UPDATE ',\npipeline().parameters.p_util_schema,'.','PROCESS_RUN_LOGS_ANALYTICS SET STATUS=','''','''','COMPLETED','''','''',',','END_DATETIME=','''','''',convertTimeZone(activity('EPM').ExecutionEndTime, 'UTC', 'Central Standard Time'),'''','''',' WHERE PIPELINE_ID=','''','''',pipeline().RunId,'''','''',''''\n)",
								"type": "Expression"
							}
						}
					],
					"scriptBlockExecutionTimeout": "02:00:00"
				}
			},
			{
				"name": "Set variable",
				"type": "SetVariable",
				"dependsOn": [
					{
						"activity": "plt_email_success",
						"dependencyConditions": [
							"Succeeded"
						]
					}
				],
				"policy": {
					"secureOutput": false,
					"secureInput": false
				},
				"userProperties": [],
				"typeProperties": {
					"variableName": "Completed",
					"value": "Process is Completed"
				}
			},
			{
				"name": "plt_email_notify_1",
				"type": "ExecutePipeline",
				"dependsOn": [
					{
						"activity": "Start Log",
						"dependencyConditions": [
							"Failed"
						]
					}
				],
				"policy": {
					"secureInput": false
				},
				"userProperties": [],
				"typeProperties": {
					"pipeline": {
						"referenceName": "plt_email_notify",
						"type": "PipelineReference"
					},
					"waitOnCompletion": true,
					"parameters": {
						"EmailSender": {
							"value": "@pipeline().globalParameters.par_email_sender",
							"type": "Expression"
						},
						"EmailRecipient": {
							"value": "@pipeline().parameters.p_email_recipient",
							"type": "Expression"
						},
						"EmailSubject": {
							"value": "@concat('ISDC ', toUpper(pipeline().globalParameters.par_env),' - ',  pipeline().Pipeline, ' Failed')",
							"type": "Expression"
						},
						"EmailContentHTML": {
							"value": "@concat('PipelineName: ', pipeline().Pipeline, \n'<br>', activity('Start Log').error?.message)",
							"type": "Expression"
						}
					}
				}
			},
			{
				"name": "plt_email_notify_3",
				"type": "ExecutePipeline",
				"dependsOn": [
					{
						"activity": "EPM",
						"dependencyConditions": [
							"Failed"
						]
					}
				],
				"policy": {
					"secureInput": false
				},
				"userProperties": [],
				"typeProperties": {
					"pipeline": {
						"referenceName": "plt_email_notify",
						"type": "PipelineReference"
					},
					"waitOnCompletion": true,
					"parameters": {
						"EmailSender": {
							"value": "@pipeline().globalParameters.par_email_sender",
							"type": "Expression"
						},
						"EmailRecipient": {
							"value": "@pipeline().parameters.p_email_recipient",
							"type": "Expression"
						},
						"EmailSubject": {
							"value": "@concat('ISDC ', toUpper(pipeline().globalParameters.par_env),' - ',  pipeline().Pipeline, ' Failed')",
							"type": "Expression"
						},
						"EmailContentHTML": {
							"value": "@concat('PipelineName: ', pipeline().Pipeline, \n'<br>', activity('EPM').error?.message)",
							"type": "Expression"
						}
					}
				}
			},
			{
				"name": "plt_email_notify_5",
				"type": "ExecutePipeline",
				"dependsOn": [
					{
						"activity": "On Complete End Log",
						"dependencyConditions": [
							"Failed"
						]
					}
				],
				"policy": {
					"secureInput": false
				},
				"userProperties": [],
				"typeProperties": {
					"pipeline": {
						"referenceName": "plt_email_notify",
						"type": "PipelineReference"
					},
					"waitOnCompletion": true,
					"parameters": {
						"EmailSender": {
							"value": "@pipeline().globalParameters.par_email_sender",
							"type": "Expression"
						},
						"EmailRecipient": {
							"value": "@pipeline().parameters.p_email_recipient",
							"type": "Expression"
						},
						"EmailSubject": {
							"value": "@concat('ISDC ', toUpper(pipeline().globalParameters.par_env),' - ',  pipeline().Pipeline, ' Failed')",
							"type": "Expression"
						},
						"EmailContentHTML": {
							"value": "@concat('PipelineName: ', pipeline().Pipeline, \n'<br>', activity('On Complete End Log').error?.message)",
							"type": "Expression"
						}
					}
				}
			},
			{
				"name": "End Process",
				"type": "SetVariable",
				"dependsOn": [
					{
						"activity": "On Complete End Log",
						"dependencyConditions": [
							"Succeeded"
						]
					}
				],
				"policy": {
					"secureOutput": false,
					"secureInput": false
				},
				"userProperties": [],
				"typeProperties": {
					"variableName": "end_time",
					"value": {
						"value": "@formatDateTime(utcNow(),'yyyy-MM-ddTHH:mm:ss')",
						"type": "Expression"
					}
				}
			},
			{
				"name": "plt_email_success",
				"type": "ExecutePipeline",
				"dependsOn": [
					{
						"activity": "Delete Landing Files",
						"dependencyConditions": [
							"Succeeded"
						]
					}
				],
				"policy": {
					"secureInput": false
				},
				"userProperties": [],
				"typeProperties": {
					"pipeline": {
						"referenceName": "plt_email_success",
						"type": "PipelineReference"
					},
					"waitOnCompletion": true,
					"parameters": {
						"EmailSender": {
							"value": "@pipeline().globalParameters.par_email_sender",
							"type": "Expression"
						},
						"EmailRecipient": {
							"value": "[{\"emailAddress\":{\"address\":\"ISM_DEEP_DE@ds.uhc.com\"}},{\"emailAddress\":{\"address\":\"zeenat.fatima@optum.com\"}},{\"emailAddress\":{\"address\":\"shivam_mittal@optum.com\"}},{\"emailAddress\":{\"address\":\"sanjayagrawal@optum.com\"}},{\"emailAddress\":{\"address\":\"gurtej_singh@optum.com\"}}]",
							"type": "Expression"
						},
						"EmailSubject": {
							"value": "@concat('ISDC ', toUpper(pipeline().globalParameters.par_env),' - ',  pipeline().Pipeline, '  Success')",
							"type": "Expression"
						},
						"EmailContentHTML": {
							"value": "@concat('The    ',pipeline().parameters.p_application, '  ETL has completed successfully.','</br>','   ',\n\n'</br>','Environment : ', pipeline().DataFactory,'</br>','  ',\n\n'</br>','WorkFlow : ', pipeline().Pipeline,'</br>','  ',\n'</br>','Started At :',variables('start_time'),'</br>','  ',\n\n'</br>','Completed At :',variables('end_time'),'</br>','  ',\n\n'</br>',' Please check ETL_BATCH_OBJECT_CONTROL_ANALYTICS & ETL_BATCH_OBJECT_CONTROL_LOG_ANALYTICS tables for more details.','</br>','  ','</br>','This is an automatically generated message. Please Do not reply.','</br>','  ','</br>','Contact ISDC Support for any further information.','</br>','  ','</br>','******************************************************')",
							"type": "Expression"
						}
					}
				}
			},
			{
				"name": "plt_email_notify_6",
				"type": "ExecutePipeline",
				"dependsOn": [
					{
						"activity": "plt_email_success",
						"dependencyConditions": [
							"Failed"
						]
					}
				],
				"policy": {
					"secureInput": false
				},
				"userProperties": [],
				"typeProperties": {
					"pipeline": {
						"referenceName": "plt_email_notify",
						"type": "PipelineReference"
					},
					"waitOnCompletion": true,
					"parameters": {
						"EmailSender": {
							"value": "@pipeline().globalParameters.par_email_sender",
							"type": "Expression"
						},
						"EmailRecipient": {
							"value": "@pipeline().parameters.p_email_recipient",
							"type": "Expression"
						},
						"EmailSubject": {
							"value": "@concat('ISDC ', toUpper(pipeline().globalParameters.par_env),' - ',  pipeline().Pipeline, ' Failed')",
							"type": "Expression"
						},
						"EmailContentHTML": {
							"value": "@concat('PipelineName: ', pipeline().Pipeline, \n'<br>', activity('plt_email_success').error?.message)",
							"type": "Expression"
						}
					}
				}
			},
			{
				"name": "Start the Process",
				"type": "SetVariable",
				"dependsOn": [],
				"policy": {
					"secureOutput": false,
					"secureInput": false
				},
				"userProperties": [],
				"typeProperties": {
					"variableName": "start_time",
					"value": {
						"value": "@formatDateTime(utcNow(),'yyyy-MM-ddTHH:mm:ss')",
						"type": "Expression"
					}
				}
			},
			{
				"name": "Input_File_Exists",
				"type": "GetMetadata",
				"dependsOn": [
					{
						"activity": "Landing_to_Inbox",
						"dependencyConditions": [
							"Succeeded"
						]
					}
				],
				"policy": {
					"timeout": "0.12:00:00",
					"retry": 2,
					"retryIntervalInSeconds": 300,
					"secureOutput": false,
					"secureInput": false
				},
				"userProperties": [],
				"typeProperties": {
					"dataset": {
						"referenceName": "ds_ablob_files",
						"type": "DatasetReference",
						"parameters": {
							"p_folder_name": {
								"value": "@concat(pipeline().globalParameters.par_env, '/analytics/inbox/epm/')",
								"type": "Expression"
							},
							"p_hotstore_endpoint": "@pipeline().globalParameters.par_blob_hotstore_endpoint"
						}
					},
					"fieldList": [
						"childItems"
					],
					"storeSettings": {
						"type": "AzureBlobStorageReadSettings",
						"recursive": true,
						"enablePartitionDiscovery": false
					},
					"formatSettings": {
						"type": "DelimitedTextReadSettings"
					}
				}
			},
			{
				"name": "If Dat File Exists",
				"type": "IfCondition",
				"dependsOn": [
					{
						"activity": "Input_File_Exists",
						"dependencyConditions": [
							"Succeeded"
						]
					}
				],
				"userProperties": [],
				"typeProperties": {
					"expression": {
						"value": "@equals(length(activity('Input_File_Exists').output.childItems), 7)",
						"type": "Expression"
					},
					"ifFalseActivities": [
						{
							"name": "plt_email_notify_File_Not_Present",
							"type": "ExecutePipeline",
							"dependsOn": [],
							"policy": {
								"secureInput": false
							},
							"userProperties": [],
							"typeProperties": {
								"pipeline": {
									"referenceName": "plt_email_notify",
									"type": "PipelineReference"
								},
								"waitOnCompletion": true,
								"parameters": {
									"EmailSender": "ism_deep_de@ds.uhc.com",
									"EmailRecipient": {
										"value": "@pipeline().parameters.p_email_recipient",
										"type": "Expression"
									},
									"EmailSubject": "ASSET_DASHBOARD input files are not present",
									"EmailContentHTML": {
										"value": "@concat('The    ',pipeline().parameters.p_application, ' pipeline is failed.','</br>','   ',\n\n'</br>','Environment : ', pipeline().DataFactory,'</br>','  ',\n\n'</br>','WorkFlow : ', pipeline().Pipeline,'</br>','  ',\n'</br>','Started At :',variables('start_time'),'</br>','  ',\n\n'</br>','Failed At :',formatDateTime(utcNow(),'yyyy-MM-ddTHH:mm:ss') ,'</br>','  ',\n\n'</br>',' Please check source location','</br>','  ','</br>','This is an automatically generated message. Please Do not reply.','</br>','  ','</br>','Contact ISDC Support for any further information.','</br>','  ','</br>','******************************************************')",
										"type": "Expression"
									}
								}
							}
						},
						{
							"name": "Fail1",
							"type": "Fail",
							"dependsOn": [
								{
									"activity": "plt_email_notify_File_Not_Present",
									"dependencyConditions": [
										"Succeeded"
									]
								}
							],
							"userProperties": [],
							"typeProperties": {
								"message": {
									"value": "'asset_dashboard input file is not present in the source location'",
									"type": "Expression"
								},
								"errorCode": "100"
							}
						}
					],
					"ifTrueActivities": [
						{
							"name": "Set variable true",
							"type": "SetVariable",
							"dependsOn": [],
							"policy": {
								"secureOutput": false,
								"secureInput": false
							},
							"userProperties": [],
							"typeProperties": {
								"variableName": "File_Present",
								"value": {
									"value": "true\n",
									"type": "Expression"
								}
							}
						}
					]
				}
			},
			{
				"name": "Landing_to_Inbox",
				"type": "Script",
				"dependsOn": [
					{
						"activity": "Start the Process",
						"dependencyConditions": [
							"Succeeded"
						]
					}
				],
				"policy": {
					"timeout": "0.12:00:00",
					"retry": 0,
					"retryIntervalInSeconds": 30,
					"secureOutput": false,
					"secureInput": false
				},
				"userProperties": [],
				"linkedServiceName": {
					"referenceName": "ls_sf_isdc",
					"type": "LinkedServiceReference",
					"parameters": {
						"par_sf_acct": {
							"value": "@pipeline().globalParameters.par_sf_acct",
							"type": "Expression"
						},
						"par_sf_user": {
							"value": "@pipeline().globalParameters.par_sf_user",
							"type": "Expression"
						},
						"par_sf_db": {
							"value": "@pipeline().globalParameters.par_sf_db",
							"type": "Expression"
						},
						"par_sf_wh": {
							"value": "@pipeline().globalParameters.par_sf_wh",
							"type": "Expression"
						},
						"par_sf_role": {
							"value": "@pipeline().globalParameters.par_sf_role",
							"type": "Expression"
						}
					}
				},
				"typeProperties": {
					"scripts": [
						{
							"type": "NonQuery",
							"text": {
								"value": "@concat(\n'COPY FILES\n  INTO @UTIL.STAGE_AZURE_ISDC/analytics/inbox/epm/df_pch/\n  FROM @UTIL.STAGE_AZURE_ISDC/landing/analytics_user_uploads/\n PATTERN=','''','.*df_pch.*[.]csv','''')",
								"type": "Expression"
							}
						}
					],
					"scriptBlockExecutionTimeout": "02:00:00"
				}
			},
			{
				"name": "Delete Landing Files",
				"type": "Delete",
				"dependsOn": [
					{
						"activity": "End Process",
						"dependencyConditions": [
							"Succeeded"
						]
					}
				],
				"policy": {
					"timeout": "0.12:00:00",
					"retry": 2,
					"retryIntervalInSeconds": 300,
					"secureOutput": false,
					"secureInput": false
				},
				"userProperties": [],
				"typeProperties": {
					"dataset": {
						"referenceName": "ds_ablob_files",
						"type": "DatasetReference",
						"parameters": {
							"p_folder_name": {
								"value": "@concat(pipeline().globalParameters.par_env, '/landing/analytics_user_uploads/')",
								"type": "Expression"
							},
							"p_hotstore_endpoint": "@pipeline().globalParameters.par_blob_hotstore_endpoint"
						}
					},
					"enableLogging": false,
					"storeSettings": {
						"type": "AzureBlobStorageReadSettings",
						"recursive": true,
						"wildcardFileName": "df_pch_*.csv",
						"enablePartitionDiscovery": false
					}
				}
			},
			{
				"name": "plt_email_notify_7",
				"type": "ExecutePipeline",
				"dependsOn": [
					{
						"activity": "Delete Landing Files",
						"dependencyConditions": [
							"Failed"
						]
					}
				],
				"policy": {
					"secureInput": false
				},
				"userProperties": [],
				"typeProperties": {
					"pipeline": {
						"referenceName": "plt_email_notify",
						"type": "PipelineReference"
					},
					"waitOnCompletion": true,
					"parameters": {
						"EmailSender": {
							"value": "@pipeline().globalParameters.par_email_sender",
							"type": "Expression"
						},
						"EmailRecipient": {
							"value": "@pipeline().parameters.p_email_recipient",
							"type": "Expression"
						},
						"EmailSubject": {
							"value": "@concat('ISDC ', toUpper(pipeline().globalParameters.par_env),' - ',  pipeline().Pipeline, ' Failed')",
							"type": "Expression"
						},
						"EmailContentHTML": {
							"value": "@concat('PipelineName: ', pipeline().Pipeline, \n'<br>', activity('Delete Landing Files').error?.message)",
							"type": "Expression"
						}
					}
				}
			}
		],
		"parameters": {
			"p_application": {
				"type": "string",
				"defaultValue": "DEEP"
			},
			"p_object_name": {
				"type": "string",
				"defaultValue": "EPM"
			},
			"p_util_schema": {
				"type": "string",
				"defaultValue": "UTIL"
			},
			"p_email_recipient": {
				"type": "string",
				"defaultValue": "ism_deep_de@ds.uhc.com"
			}
		},
		"variables": {
			"Completed": {
				"type": "String"
			},
			"start_time": {
				"type": "String"
			},
			"end_time": {
				"type": "String"
			},
			"File_Present": {
				"type": "String"
			}
		},
		"folder": {
			"name": "Analytics/Workflows"
		},
		"annotations": []
	}
}