{
	"name": "wf_RTO_MODELS",
	"properties": {
		"activities": [
			{
				"name": "Start Log",
				"type": "Script",
				"dependsOn": [
					{
						"activity": "Start the Porcess",
						"dependencyConditions": [
							"Succeeded"
						]
					}
				],
				"policy": {
					"timeout": "0.12:00:00",
					"retry": 0,
					"retryIntervalInSeconds": 30,
					"secureOutput": false,
					"secureInput": false
				},
				"userProperties": [],
				"linkedServiceName": {
					"referenceName": "ls_sf_isdc",
					"type": "LinkedServiceReference",
					"parameters": {
						"par_sf_acct": {
							"value": "@pipeline().globalParameters.par_sf_acct",
							"type": "Expression"
						},
						"par_sf_user": {
							"value": "@pipeline().globalParameters.par_sf_user",
							"type": "Expression"
						},
						"par_sf_db": {
							"value": "@pipeline().globalParameters.par_sf_db",
							"type": "Expression"
						},
						"par_sf_wh": {
							"value": "@pipeline().globalParameters.par_sf_wh",
							"type": "Expression"
						},
						"par_sf_role": {
							"value": "@pipeline().globalParameters.par_sf_role",
							"type": "Expression"
						}
					}
				},
				"typeProperties": {
					"scripts": [
						{
							"type": "NonQuery",
							"text": {
								"value": "@concat(\n'INSERT INTO UTIL.PROCESS_RUN_LOGS_ANALYTICS\n(\nPIPELINE_ID,\nPIPELINE_NAME,\nPROCESS_NAME,\nSUB_PROCESS_NAME,\nSTART_DATETIME,\nSTATUS,\nDATAFACTORY,\nTRIGGER_NAME,\nTRIGGER_TYPE,\nTRIGGER_TIME,\nAPP_NAME\n)\nVALUES (''',pipeline().RunId,''',','''',pipeline().Pipeline,''',\n','''',pipeline().parameters.p_application,''',','''',pipeline().parameters.p_object_name,\n''',','''',pipeline().TriggerTime,''',','''Running'',','''',pipeline().DataFactory,''',','''',pipeline().TriggerName,''',','''',pipeline().TriggerType,''',','''',pipeline().TriggerTime,''',','''DEEP'');')",
								"type": "Expression"
							}
						}
					],
					"scriptBlockExecutionTimeout": "02:00:00"
				}
			},
			{
				"name": "Get_Object_Metadata",
				"type": "Lookup",
				"dependsOn": [
					{
						"activity": "Start Log",
						"dependencyConditions": [
							"Succeeded"
						]
					}
				],
				"policy": {
					"timeout": "0.12:00:00",
					"retry": 0,
					"retryIntervalInSeconds": 30,
					"secureOutput": false,
					"secureInput": false
				},
				"userProperties": [],
				"typeProperties": {
					"source": {
						"type": "SnowflakeV2Source",
						"query": {
							"value": "@concat('select\nPGM.OBJECT_DB,\nPGM.OBJECT_SCHEMA,\nPGM.OBJECT_NAME,  \nPGM.OBJECT_SIGNATURE\nFROM UTIL.PROGRAM_LIST_ANALYTICS PGM JOIN UTIL.PROCESS_LIST_ANALYTICS PRC ON\nPGM.PROCESS_NAME = PRC.PROCESS_NAME AND PGM.DATA_FACTORY_NAME = PRC.DATA_FACTORY_NAME AND PRC.ACTIVE_INDC = ''Y''\nWHERE \nPGM.PROCESS_NAME = substr(','''', pipeline().Pipeline,'''', ',4)\n',' order by CODE_SEQUENCE asc')",
							"type": "Expression"
						},
						"exportSettings": {
							"type": "SnowflakeExportCopyCommand"
						}
					},
					"dataset": {
						"referenceName": "ds_sf_isdc",
						"type": "DatasetReference",
						"parameters": {
							"par_sf_acct": {
								"value": "@pipeline().globalParameters.par_sf_acct",
								"type": "Expression"
							},
							"par_sf_user": {
								"value": "@pipeline().globalParameters.par_sf_user",
								"type": "Expression"
							},
							"par_sf_db": {
								"value": "@pipeline().globalParameters.par_sf_db",
								"type": "Expression"
							},
							"par_sf_wh": {
								"value": "@pipeline().globalParameters.par_sf_wh",
								"type": "Expression"
							},
							"par_sf_role": {
								"value": "@pipeline().globalParameters.par_sf_role",
								"type": "Expression"
							}
						}
					},
					"firstRowOnly": false
				}
			},
			{
				"name": "BASE_POPULATION",
				"type": "Script",
				"dependsOn": [
					{
						"activity": "Get_Object_Metadata",
						"dependencyConditions": [
							"Succeeded"
						]
					}
				],
				"policy": {
					"timeout": "0.12:00:00",
					"retry": 0,
					"retryIntervalInSeconds": 30,
					"secureOutput": false,
					"secureInput": false
				},
				"userProperties": [],
				"linkedServiceName": {
					"referenceName": "ls_sf_isdc",
					"type": "LinkedServiceReference",
					"parameters": {
						"par_sf_acct": {
							"value": "@pipeline().globalParameters.par_sf_acct",
							"type": "Expression"
						},
						"par_sf_user": {
							"value": "@pipeline().globalParameters.par_sf_user",
							"type": "Expression"
						},
						"par_sf_db": {
							"value": "@pipeline().globalParameters.par_sf_db",
							"type": "Expression"
						},
						"par_sf_wh": {
							"value": "@pipeline().globalParameters.par_sf_wh",
							"type": "Expression"
						},
						"par_sf_role": {
							"value": "@pipeline().globalParameters.par_sf_role",
							"type": "Expression"
						}
					}
				},
				"typeProperties": {
					"scripts": [
						{
							"type": "NonQuery",
							"text": {
								"value": "@concat(\n'CALL ',\nstring(activity(\n'Get_Object_Metadata'\n).output.value[0].OBJECT_DB), '.', \nstring(activity(\n'Get_Object_Metadata'\n).output.value[0].OBJECT_SCHEMA),'.','SP_BASE_POPULATION','(','''',pipeline().RunId,'''',',','''',pipeline().Pipeline,'''',',',string(activity(\n'Get_Object_Metadata'\n).output.value[0].OBJECT_SIGNATURE),')'\n\n)",
								"type": "Expression"
							}
						}
					],
					"scriptBlockExecutionTimeout": "02:00:00"
				}
			},
			{
				"name": "Set_variable",
				"type": "SetVariable",
				"dependsOn": [
					{
						"activity": "plt_email_success",
						"dependencyConditions": [
							"Succeeded"
						]
					}
				],
				"policy": {
					"secureOutput": false,
					"secureInput": false
				},
				"userProperties": [],
				"typeProperties": {
					"variableName": "Completed",
					"value": "Process is completed"
				}
			},
			{
				"name": "plt_email_notify",
				"type": "ExecutePipeline",
				"dependsOn": [
					{
						"activity": "Start Log",
						"dependencyConditions": [
							"Failed"
						]
					}
				],
				"policy": {
					"secureInput": false
				},
				"userProperties": [],
				"typeProperties": {
					"pipeline": {
						"referenceName": "plt_email_notify",
						"type": "PipelineReference"
					},
					"waitOnCompletion": true,
					"parameters": {
						"EmailSender": {
							"value": "@pipeline().globalParameters.par_email_sender",
							"type": "Expression"
						},
						"EmailRecipient": {
							"value": "@pipeline().parameters.p_email_recipient",
							"type": "Expression"
						},
						"EmailSubject": {
							"value": "@concat('ISDC ', toUpper(pipeline().globalParameters.par_env),' - ',  pipeline().Pipeline, ' Failed')",
							"type": "Expression"
						},
						"EmailContentHTML": {
							"value": "@concat('PipelineName: ', pipeline().Pipeline, \n'<br>', activity('Start Log').error?.message)",
							"type": "Expression"
						}
					}
				}
			},
			{
				"name": "plt_email_notify_1",
				"type": "ExecutePipeline",
				"dependsOn": [
					{
						"activity": "Get_Object_Metadata",
						"dependencyConditions": [
							"Failed"
						]
					}
				],
				"policy": {
					"secureInput": false
				},
				"userProperties": [],
				"typeProperties": {
					"pipeline": {
						"referenceName": "plt_email_notify",
						"type": "PipelineReference"
					},
					"waitOnCompletion": true,
					"parameters": {
						"EmailSender": {
							"value": "@pipeline().globalParameters.par_email_sender",
							"type": "Expression"
						},
						"EmailRecipient": {
							"value": "@pipeline().parameters.p_email_recipient",
							"type": "Expression"
						},
						"EmailSubject": {
							"value": "@concat('ISDC ', toUpper(pipeline().globalParameters.par_env),' - ',  pipeline().Pipeline, ' Failed')",
							"type": "Expression"
						},
						"EmailContentHTML": {
							"value": "@concat('PipelineName: ', pipeline().Pipeline, \n'<br>', activity('Start Log').error?.message)",
							"type": "Expression"
						}
					}
				}
			},
			{
				"name": "plt_email_notify_2",
				"type": "ExecutePipeline",
				"dependsOn": [
					{
						"activity": "BASE_POPULATION",
						"dependencyConditions": [
							"Failed"
						]
					}
				],
				"policy": {
					"secureInput": false
				},
				"userProperties": [],
				"typeProperties": {
					"pipeline": {
						"referenceName": "plt_email_notify",
						"type": "PipelineReference"
					},
					"waitOnCompletion": true,
					"parameters": {
						"EmailSender": {
							"value": "@pipeline().globalParameters.par_email_sender",
							"type": "Expression"
						},
						"EmailRecipient": {
							"value": "@pipeline().parameters.p_email_recipient",
							"type": "Expression"
						},
						"EmailSubject": {
							"value": "@concat('ISDC ', toUpper(pipeline().globalParameters.par_env),' - ',  pipeline().Pipeline, ' Failed')",
							"type": "Expression"
						},
						"EmailContentHTML": {
							"value": "@concat('PipelineName: ', pipeline().Pipeline, \n'<br>', activity('Start Log').error?.message)",
							"type": "Expression"
						}
					}
				}
			},
			{
				"name": "RTO_MODELS_6_10",
				"type": "Script",
				"dependsOn": [
					{
						"activity": "BASE_POPULATION",
						"dependencyConditions": [
							"Succeeded"
						]
					}
				],
				"policy": {
					"timeout": "0.12:00:00",
					"retry": 0,
					"retryIntervalInSeconds": 30,
					"secureOutput": false,
					"secureInput": false
				},
				"userProperties": [],
				"linkedServiceName": {
					"referenceName": "ls_sf_isdc",
					"type": "LinkedServiceReference",
					"parameters": {
						"par_sf_acct": {
							"value": "@pipeline().globalParameters.par_sf_acct",
							"type": "Expression"
						},
						"par_sf_user": {
							"value": "@pipeline().globalParameters.par_sf_user",
							"type": "Expression"
						},
						"par_sf_db": {
							"value": "@pipeline().globalParameters.par_sf_db",
							"type": "Expression"
						},
						"par_sf_wh": {
							"value": "@pipeline().globalParameters.par_sf_wh",
							"type": "Expression"
						},
						"par_sf_role": {
							"value": "@pipeline().globalParameters.par_sf_role",
							"type": "Expression"
						}
					}
				},
				"typeProperties": {
					"scripts": [
						{
							"type": "NonQuery",
							"text": {
								"value": "@concat(\n'CALL ',\nstring(activity(\n'Get_Object_Metadata'\n).output.value[1].OBJECT_DB), '.', \nstring(activity(\n'Get_Object_Metadata'\n).output.value[1].OBJECT_SCHEMA),'.','SP_RTO_MODELS_1','(','''',pipeline().RunId,'''',',','''',pipeline().Pipeline,'''',',',string(activity(\n'Get_Object_Metadata'\n).output.value[1].OBJECT_SIGNATURE),')'\n\n)",
								"type": "Expression"
							}
						}
					],
					"scriptBlockExecutionTimeout": "02:00:00"
				}
			},
			{
				"name": "RTO_MODELS_10_16",
				"type": "Script",
				"dependsOn": [
					{
						"activity": "RTO_MODELS_6_10",
						"dependencyConditions": [
							"Succeeded"
						]
					}
				],
				"policy": {
					"timeout": "0.12:00:00",
					"retry": 0,
					"retryIntervalInSeconds": 30,
					"secureOutput": false,
					"secureInput": false
				},
				"userProperties": [],
				"linkedServiceName": {
					"referenceName": "ls_sf_isdc",
					"type": "LinkedServiceReference",
					"parameters": {
						"par_sf_acct": {
							"value": "@pipeline().globalParameters.par_sf_acct",
							"type": "Expression"
						},
						"par_sf_user": {
							"value": "@pipeline().globalParameters.par_sf_user",
							"type": "Expression"
						},
						"par_sf_db": {
							"value": "@pipeline().globalParameters.par_sf_db",
							"type": "Expression"
						},
						"par_sf_wh": {
							"value": "@pipeline().globalParameters.par_sf_wh",
							"type": "Expression"
						},
						"par_sf_role": {
							"value": "@pipeline().globalParameters.par_sf_role",
							"type": "Expression"
						}
					}
				},
				"typeProperties": {
					"scripts": [
						{
							"type": "NonQuery",
							"text": {
								"value": "@concat(\n'CALL ',\nstring(activity(\n'Get_Object_Metadata'\n).output.value[2].OBJECT_DB), '.', \nstring(activity(\n'Get_Object_Metadata'\n).output.value[2].OBJECT_SCHEMA),'.','SP_RTO_MODELS_2','(','''',pipeline().RunId,'''',',','''',pipeline().Pipeline,'''',',',string(activity(\n'Get_Object_Metadata'\n).output.value[2].OBJECT_SIGNATURE),')'\n\n)",
								"type": "Expression"
							}
						}
					],
					"scriptBlockExecutionTimeout": "02:00:00"
				}
			},
			{
				"name": "RTO_MODELS_17",
				"type": "Script",
				"dependsOn": [
					{
						"activity": "RTO_MODELS_10_16",
						"dependencyConditions": [
							"Succeeded"
						]
					}
				],
				"policy": {
					"timeout": "0.12:00:00",
					"retry": 0,
					"retryIntervalInSeconds": 30,
					"secureOutput": false,
					"secureInput": false
				},
				"userProperties": [],
				"linkedServiceName": {
					"referenceName": "ls_sf_isdc",
					"type": "LinkedServiceReference",
					"parameters": {
						"par_sf_acct": {
							"value": "@pipeline().globalParameters.par_sf_acct",
							"type": "Expression"
						},
						"par_sf_user": {
							"value": "@pipeline().globalParameters.par_sf_user",
							"type": "Expression"
						},
						"par_sf_db": {
							"value": "@pipeline().globalParameters.par_sf_db",
							"type": "Expression"
						},
						"par_sf_wh": {
							"value": "@pipeline().globalParameters.par_sf_wh",
							"type": "Expression"
						},
						"par_sf_role": {
							"value": "@pipeline().globalParameters.par_sf_role",
							"type": "Expression"
						}
					}
				},
				"typeProperties": {
					"scripts": [
						{
							"type": "NonQuery",
							"text": {
								"value": "@concat(\n'CALL ',\nstring(activity(\n'Get_Object_Metadata'\n).output.value[3].OBJECT_DB), '.', \nstring(activity(\n'Get_Object_Metadata'\n).output.value[3].OBJECT_SCHEMA),'.','SP_RTO_MODELS_3','(','''',pipeline().RunId,'''',',','''',pipeline().Pipeline,'''',',',string(activity(\n'Get_Object_Metadata'\n).output.value[3].OBJECT_SIGNATURE),')'\n\n)",
								"type": "Expression"
							}
						}
					],
					"scriptBlockExecutionTimeout": "02:00:00"
				}
			},
			{
				"name": "RTO_MODELS_18_20",
				"type": "Script",
				"dependsOn": [
					{
						"activity": "RTO_MODELS_17",
						"dependencyConditions": [
							"Succeeded"
						]
					}
				],
				"policy": {
					"timeout": "0.12:00:00",
					"retry": 0,
					"retryIntervalInSeconds": 30,
					"secureOutput": false,
					"secureInput": false
				},
				"userProperties": [],
				"linkedServiceName": {
					"referenceName": "ls_sf_isdc",
					"type": "LinkedServiceReference",
					"parameters": {
						"par_sf_acct": {
							"value": "@pipeline().globalParameters.par_sf_acct",
							"type": "Expression"
						},
						"par_sf_user": {
							"value": "@pipeline().globalParameters.par_sf_user",
							"type": "Expression"
						},
						"par_sf_db": {
							"value": "@pipeline().globalParameters.par_sf_db",
							"type": "Expression"
						},
						"par_sf_wh": {
							"value": "@pipeline().globalParameters.par_sf_wh",
							"type": "Expression"
						},
						"par_sf_role": {
							"value": "@pipeline().globalParameters.par_sf_role",
							"type": "Expression"
						}
					}
				},
				"typeProperties": {
					"scripts": [
						{
							"type": "NonQuery",
							"text": {
								"value": "@concat(\n'CALL ',\nstring(activity(\n'Get_Object_Metadata'\n).output.value[4].OBJECT_DB), '.', \nstring(activity(\n'Get_Object_Metadata'\n).output.value[4].OBJECT_SCHEMA),'.','SP_RTO_MODELS_4','(','''',pipeline().RunId,'''',',','''',pipeline().Pipeline,'''',',',string(activity(\n'Get_Object_Metadata'\n).output.value[4].OBJECT_SIGNATURE),')'\n\n)",
								"type": "Expression"
							}
						}
					],
					"scriptBlockExecutionTimeout": "02:00:00"
				}
			},
			{
				"name": "EFT_MODEL_SCORING_CODE",
				"type": "DatabricksNotebook",
				"dependsOn": [
					{
						"activity": "RTO_MODEL_EXTRACT_CREATION",
						"dependencyConditions": [
							"Succeeded"
						]
					}
				],
				"policy": {
					"timeout": "0.12:00:00",
					"retry": 0,
					"retryIntervalInSeconds": 30,
					"secureOutput": false,
					"secureInput": false
				},
				"userProperties": [],
				"typeProperties": {
					"notebookPath": "/live/notebooks/RTO_MODLES/Library_Install_EFT_Model_Scoring_Code_02"
				},
				"linkedServiceName": {
					"referenceName": "ls_databricks_analytics",
					"type": "LinkedServiceReference",
					"parameters": {
						"par_dbw_domain": {
							"value": "@pipeline().globalParameters.par_dbw_domain",
							"type": "Expression"
						},
						"par_dbw_cluster_id": {
							"value": "@pipeline().globalParameters.par_dbw_cluster_id",
							"type": "Expression"
						},
						"par_dbw_tk_name": {
							"value": "@pipeline().globalParameters.par_dbw_tk_name",
							"type": "Expression"
						}
					}
				}
			},
			{
				"name": "LIKELY_DETRACTOR_PASSIVE_PROMOTER_SCORING_CODE",
				"type": "DatabricksNotebook",
				"dependsOn": [
					{
						"activity": "EFT_RANK_CREATION_EXTRACTION",
						"dependencyConditions": [
							"Succeeded"
						]
					}
				],
				"policy": {
					"timeout": "0.12:00:00",
					"retry": 0,
					"retryIntervalInSeconds": 30,
					"secureOutput": false,
					"secureInput": false
				},
				"userProperties": [],
				"typeProperties": {
					"notebookPath": "/live/notebooks/RTO_MODLES/Likely_Detractor_Passive_promoter_Scoring_Code"
				},
				"linkedServiceName": {
					"referenceName": "ls_databricks_analytics",
					"type": "LinkedServiceReference",
					"parameters": {
						"par_dbw_domain": {
							"value": "@pipeline().globalParameters.par_dbw_domain",
							"type": "Expression"
						},
						"par_dbw_cluster_id": {
							"value": "@pipeline().globalParameters.par_dbw_cluster_id",
							"type": "Expression"
						},
						"par_dbw_tk_name": {
							"value": "@pipeline().globalParameters.par_dbw_tk_name",
							"type": "Expression"
						}
					}
				}
			},
			{
				"name": "EFT_RANK_CREATION_EXTRACTION",
				"type": "Script",
				"dependsOn": [
					{
						"activity": "EFT_MODEL_SCORING_CODE",
						"dependencyConditions": [
							"Succeeded"
						]
					}
				],
				"policy": {
					"timeout": "0.12:00:00",
					"retry": 0,
					"retryIntervalInSeconds": 30,
					"secureOutput": false,
					"secureInput": false
				},
				"userProperties": [],
				"linkedServiceName": {
					"referenceName": "ls_sf_isdc",
					"type": "LinkedServiceReference",
					"parameters": {
						"par_sf_acct": {
							"value": "@pipeline().globalParameters.par_sf_acct",
							"type": "Expression"
						},
						"par_sf_user": {
							"value": "@pipeline().globalParameters.par_sf_user",
							"type": "Expression"
						},
						"par_sf_db": {
							"value": "@pipeline().globalParameters.par_sf_db",
							"type": "Expression"
						},
						"par_sf_wh": {
							"value": "@pipeline().globalParameters.par_sf_wh",
							"type": "Expression"
						},
						"par_sf_role": {
							"value": "@pipeline().globalParameters.par_sf_role",
							"type": "Expression"
						}
					}
				},
				"typeProperties": {
					"scripts": [
						{
							"type": "NonQuery",
							"text": {
								"value": "@concat(\n'CALL ',\nstring(activity(\n'Get_Object_Metadata'\n).output.value[6].OBJECT_DB), '.', \nstring(activity(\n'Get_Object_Metadata'\n).output.value[6].OBJECT_SCHEMA),'.','SP_EFT_RANK_CREATION_EXTRACTION','(','''',pipeline().RunId,'''',',','''',pipeline().Pipeline,'''',',',string(activity(\n'Get_Object_Metadata'\n).output.value[6].OBJECT_SIGNATURE),')'\n\n)",
								"type": "Expression"
							}
						}
					],
					"scriptBlockExecutionTimeout": "02:00:00"
				}
			},
			{
				"name": "DET_RANK_CREATION_EXTRACTION",
				"type": "Script",
				"dependsOn": [
					{
						"activity": "LIKELY_DETRACTOR_PASSIVE_PROMOTER_SCORING_CODE",
						"dependencyConditions": [
							"Succeeded"
						]
					}
				],
				"policy": {
					"timeout": "0.12:00:00",
					"retry": 0,
					"retryIntervalInSeconds": 30,
					"secureOutput": false,
					"secureInput": false
				},
				"userProperties": [],
				"linkedServiceName": {
					"referenceName": "ls_sf_isdc",
					"type": "LinkedServiceReference",
					"parameters": {
						"par_sf_acct": {
							"value": "@pipeline().globalParameters.par_sf_acct",
							"type": "Expression"
						},
						"par_sf_user": {
							"value": "@pipeline().globalParameters.par_sf_user",
							"type": "Expression"
						},
						"par_sf_db": {
							"value": "@pipeline().globalParameters.par_sf_db",
							"type": "Expression"
						},
						"par_sf_wh": {
							"value": "@pipeline().globalParameters.par_sf_wh",
							"type": "Expression"
						},
						"par_sf_role": {
							"value": "@pipeline().globalParameters.par_sf_role",
							"type": "Expression"
						}
					}
				},
				"typeProperties": {
					"scripts": [
						{
							"type": "NonQuery",
							"text": {
								"value": "@concat(\n'CALL ',\nstring(activity(\n'Get_Object_Metadata'\n).output.value[7].OBJECT_DB), '.', \nstring(activity(\n'Get_Object_Metadata'\n).output.value[7].OBJECT_SCHEMA),'.','SP_DET_RANK_CREATION_EXTRACTION','(','''',pipeline().RunId,'''',',','''',pipeline().Pipeline,'''',',',string(activity(\n'Get_Object_Metadata'\n).output.value[7].OBJECT_SIGNATURE),')'\n\n)",
								"type": "Expression"
							}
						}
					],
					"scriptBlockExecutionTimeout": "02:00:00"
				}
			},
			{
				"name": "PASS_RANK_CREATION_EXTRACTION",
				"type": "Script",
				"dependsOn": [
					{
						"activity": "DET_RANK_CREATION_EXTRACTION",
						"dependencyConditions": [
							"Succeeded"
						]
					}
				],
				"policy": {
					"timeout": "0.12:00:00",
					"retry": 0,
					"retryIntervalInSeconds": 30,
					"secureOutput": false,
					"secureInput": false
				},
				"userProperties": [],
				"linkedServiceName": {
					"referenceName": "ls_sf_isdc",
					"type": "LinkedServiceReference",
					"parameters": {
						"par_sf_acct": {
							"value": "@pipeline().globalParameters.par_sf_acct",
							"type": "Expression"
						},
						"par_sf_user": {
							"value": "@pipeline().globalParameters.par_sf_user",
							"type": "Expression"
						},
						"par_sf_db": {
							"value": "@pipeline().globalParameters.par_sf_db",
							"type": "Expression"
						},
						"par_sf_wh": {
							"value": "@pipeline().globalParameters.par_sf_wh",
							"type": "Expression"
						},
						"par_sf_role": {
							"value": "@pipeline().globalParameters.par_sf_role",
							"type": "Expression"
						}
					}
				},
				"typeProperties": {
					"scripts": [
						{
							"type": "NonQuery",
							"text": {
								"value": "@concat(\n'CALL ',\nstring(activity(\n'Get_Object_Metadata'\n).output.value[8].OBJECT_DB), '.', \nstring(activity(\n'Get_Object_Metadata'\n).output.value[8].OBJECT_SCHEMA),'.','SP_PASS_RANK_CREATION_EXTRACTION','(','''',pipeline().RunId,'''',',','''',pipeline().Pipeline,'''',',',string(activity(\n'Get_Object_Metadata'\n).output.value[8].OBJECT_SIGNATURE),')'\n\n)",
								"type": "Expression"
							}
						}
					],
					"scriptBlockExecutionTimeout": "02:00:00"
				}
			},
			{
				"name": "PROM_RANK_CREATION_EXTRACTION",
				"type": "Script",
				"dependsOn": [
					{
						"activity": "PASS_RANK_CREATION_EXTRACTION",
						"dependencyConditions": [
							"Succeeded"
						]
					}
				],
				"policy": {
					"timeout": "0.12:00:00",
					"retry": 0,
					"retryIntervalInSeconds": 30,
					"secureOutput": false,
					"secureInput": false
				},
				"userProperties": [],
				"linkedServiceName": {
					"referenceName": "ls_sf_isdc",
					"type": "LinkedServiceReference",
					"parameters": {
						"par_sf_acct": {
							"value": "@pipeline().globalParameters.par_sf_acct",
							"type": "Expression"
						},
						"par_sf_user": {
							"value": "@pipeline().globalParameters.par_sf_user",
							"type": "Expression"
						},
						"par_sf_db": {
							"value": "@pipeline().globalParameters.par_sf_db",
							"type": "Expression"
						},
						"par_sf_wh": {
							"value": "@pipeline().globalParameters.par_sf_wh",
							"type": "Expression"
						},
						"par_sf_role": {
							"value": "@pipeline().globalParameters.par_sf_role",
							"type": "Expression"
						}
					}
				},
				"typeProperties": {
					"scripts": [
						{
							"type": "NonQuery",
							"text": {
								"value": "@concat(\n'CALL ',\nstring(activity(\n'Get_Object_Metadata'\n).output.value[9].OBJECT_DB), '.', \nstring(activity(\n'Get_Object_Metadata'\n).output.value[9].OBJECT_SCHEMA),'.','SP_PROM_RANK_CREATION_EXTRACTION','(','''',pipeline().RunId,'''',',','''',pipeline().Pipeline,'''',',',string(activity(\n'Get_Object_Metadata'\n).output.value[9].OBJECT_SIGNATURE),')'\n\n)",
								"type": "Expression"
							}
						}
					],
					"scriptBlockExecutionTimeout": "02:00:00"
				}
			},
			{
				"name": "Web_EM_DM",
				"type": "DatabricksNotebook",
				"dependsOn": [
					{
						"activity": "PROM_RANK_CREATION_EXTRACTION",
						"dependencyConditions": [
							"Succeeded"
						]
					}
				],
				"policy": {
					"timeout": "0.12:00:00",
					"retry": 0,
					"retryIntervalInSeconds": 30,
					"secureOutput": false,
					"secureInput": false
				},
				"userProperties": [],
				"typeProperties": {
					"notebookPath": "/live/notebooks/RTO_MODLES/Web_EM_DM"
				},
				"linkedServiceName": {
					"referenceName": "ls_databricks_analytics",
					"type": "LinkedServiceReference",
					"parameters": {
						"par_dbw_domain": {
							"value": "@pipeline().globalParameters.par_dbw_domain",
							"type": "Expression"
						},
						"par_dbw_cluster_id": {
							"value": "@pipeline().globalParameters.par_dbw_cluster_id",
							"type": "Expression"
						},
						"par_dbw_tk_name": {
							"value": "@pipeline().globalParameters.par_dbw_tk_name",
							"type": "Expression"
						}
					}
				}
			},
			{
				"name": "WEBDM_RANK_CREATION_EXTRACTION",
				"type": "Script",
				"dependsOn": [
					{
						"activity": "Web_EM_DM",
						"dependencyConditions": [
							"Succeeded"
						]
					}
				],
				"policy": {
					"timeout": "0.12:00:00",
					"retry": 0,
					"retryIntervalInSeconds": 30,
					"secureOutput": false,
					"secureInput": false
				},
				"userProperties": [],
				"linkedServiceName": {
					"referenceName": "ls_sf_isdc",
					"type": "LinkedServiceReference",
					"parameters": {
						"par_sf_acct": {
							"value": "@pipeline().globalParameters.par_sf_acct",
							"type": "Expression"
						},
						"par_sf_user": {
							"value": "@pipeline().globalParameters.par_sf_user",
							"type": "Expression"
						},
						"par_sf_db": {
							"value": "@pipeline().globalParameters.par_sf_db",
							"type": "Expression"
						},
						"par_sf_wh": {
							"value": "@pipeline().globalParameters.par_sf_wh",
							"type": "Expression"
						},
						"par_sf_role": {
							"value": "@pipeline().globalParameters.par_sf_role",
							"type": "Expression"
						}
					}
				},
				"typeProperties": {
					"scripts": [
						{
							"type": "NonQuery",
							"text": {
								"value": "@concat(\n'CALL ',\nstring(activity(\n'Get_Object_Metadata'\n).output.value[10].OBJECT_DB), '.', \nstring(activity(\n'Get_Object_Metadata'\n).output.value[10].OBJECT_SCHEMA),'.','SP_WEBDM_RANK_CREATION_EXTRACTION','(','''',pipeline().RunId,'''',',','''',pipeline().Pipeline,'''',',',string(activity(\n'Get_Object_Metadata'\n).output.value[10].OBJECT_SIGNATURE),')'\n\n)",
								"type": "Expression"
							}
						}
					],
					"scriptBlockExecutionTimeout": "02:00:00"
				}
			},
			{
				"name": "WEBEM_RANK_CREATION_EXTRACTION",
				"type": "Script",
				"dependsOn": [
					{
						"activity": "WEBDM_RANK_CREATION_EXTRACTION",
						"dependencyConditions": [
							"Succeeded"
						]
					}
				],
				"policy": {
					"timeout": "0.12:00:00",
					"retry": 0,
					"retryIntervalInSeconds": 30,
					"secureOutput": false,
					"secureInput": false
				},
				"userProperties": [],
				"linkedServiceName": {
					"referenceName": "ls_sf_isdc",
					"type": "LinkedServiceReference",
					"parameters": {
						"par_sf_acct": {
							"value": "@pipeline().globalParameters.par_sf_acct",
							"type": "Expression"
						},
						"par_sf_user": {
							"value": "@pipeline().globalParameters.par_sf_user",
							"type": "Expression"
						},
						"par_sf_db": {
							"value": "@pipeline().globalParameters.par_sf_db",
							"type": "Expression"
						},
						"par_sf_wh": {
							"value": "@pipeline().globalParameters.par_sf_wh",
							"type": "Expression"
						},
						"par_sf_role": {
							"value": "@pipeline().globalParameters.par_sf_role",
							"type": "Expression"
						}
					}
				},
				"typeProperties": {
					"scripts": [
						{
							"type": "NonQuery",
							"text": {
								"value": "@concat(\n'CALL ',\nstring(activity(\n'Get_Object_Metadata'\n).output.value[11].OBJECT_DB), '.', \nstring(activity(\n'Get_Object_Metadata'\n).output.value[11].OBJECT_SCHEMA),'.','SP_WEBEM_RANK_CREATION_EXTRACTION','(','''',pipeline().RunId,'''',',','''',pipeline().Pipeline,'''',',',string(activity(\n'Get_Object_Metadata'\n).output.value[11].OBJECT_SIGNATURE),')'\n\n)",
								"type": "Expression"
							}
						}
					],
					"scriptBlockExecutionTimeout": "02:00:00"
				}
			},
			{
				"name": "Web_PT",
				"type": "DatabricksNotebook",
				"dependsOn": [
					{
						"activity": "WEBEM_RANK_CREATION_EXTRACTION",
						"dependencyConditions": [
							"Succeeded"
						]
					}
				],
				"policy": {
					"timeout": "0.12:00:00",
					"retry": 0,
					"retryIntervalInSeconds": 30,
					"secureOutput": false,
					"secureInput": false
				},
				"userProperties": [],
				"typeProperties": {
					"notebookPath": "/live/notebooks/RTO_MODLES/Web_PT"
				},
				"linkedServiceName": {
					"referenceName": "ls_databricks_analytics",
					"type": "LinkedServiceReference",
					"parameters": {
						"par_dbw_domain": {
							"value": "@pipeline().globalParameters.par_dbw_domain",
							"type": "Expression"
						},
						"par_dbw_cluster_id": {
							"value": "@pipeline().globalParameters.par_dbw_cluster_id",
							"type": "Expression"
						},
						"par_dbw_tk_name": {
							"value": "@pipeline().globalParameters.par_dbw_tk_name",
							"type": "Expression"
						}
					}
				}
			},
			{
				"name": "Priv_DM_NBA",
				"type": "DatabricksNotebook",
				"dependsOn": [
					{
						"activity": "WEBPT_RANK_CREATION_EXTRACTION",
						"dependencyConditions": [
							"Succeeded"
						]
					}
				],
				"policy": {
					"timeout": "0.12:00:00",
					"retry": 0,
					"retryIntervalInSeconds": 30,
					"secureOutput": false,
					"secureInput": false
				},
				"userProperties": [],
				"typeProperties": {
					"notebookPath": "/live/notebooks/RTO_MODLES/Priv_DM_NBA"
				},
				"linkedServiceName": {
					"referenceName": "ls_databricks_analytics",
					"type": "LinkedServiceReference",
					"parameters": {
						"par_dbw_domain": {
							"value": "@pipeline().globalParameters.par_dbw_domain",
							"type": "Expression"
						},
						"par_dbw_cluster_id": {
							"value": "@pipeline().globalParameters.par_dbw_cluster_id",
							"type": "Expression"
						},
						"par_dbw_tk_name": {
							"value": "@pipeline().globalParameters.par_dbw_tk_name",
							"type": "Expression"
						}
					}
				}
			},
			{
				"name": "WEBPT_RANK_CREATION_EXTRACTION",
				"type": "Script",
				"dependsOn": [
					{
						"activity": "Web_PT",
						"dependencyConditions": [
							"Succeeded"
						]
					}
				],
				"policy": {
					"timeout": "0.12:00:00",
					"retry": 0,
					"retryIntervalInSeconds": 30,
					"secureOutput": false,
					"secureInput": false
				},
				"userProperties": [],
				"linkedServiceName": {
					"referenceName": "ls_sf_isdc",
					"type": "LinkedServiceReference",
					"parameters": {
						"par_sf_acct": {
							"value": "@pipeline().globalParameters.par_sf_acct",
							"type": "Expression"
						},
						"par_sf_user": {
							"value": "@pipeline().globalParameters.par_sf_user",
							"type": "Expression"
						},
						"par_sf_db": {
							"value": "@pipeline().globalParameters.par_sf_db",
							"type": "Expression"
						},
						"par_sf_wh": {
							"value": "@pipeline().globalParameters.par_sf_wh",
							"type": "Expression"
						},
						"par_sf_role": {
							"value": "@pipeline().globalParameters.par_sf_role",
							"type": "Expression"
						}
					}
				},
				"typeProperties": {
					"scripts": [
						{
							"type": "NonQuery",
							"text": {
								"value": "@concat(\n'CALL ',\nstring(activity(\n'Get_Object_Metadata'\n).output.value[12].OBJECT_DB), '.', \nstring(activity(\n'Get_Object_Metadata'\n).output.value[12].OBJECT_SCHEMA),'.','SP_WEBPT_RANK_CREATION_EXTRACTION','(','''',pipeline().RunId,'''',',','''',pipeline().Pipeline,'''',',',string(activity(\n'Get_Object_Metadata'\n).output.value[12].OBJECT_SIGNATURE),')'\n\n)",
								"type": "Expression"
							}
						}
					],
					"scriptBlockExecutionTimeout": "02:00:00"
				}
			},
			{
				"name": "PRIV_AUTH_NBA_RANK_CREATION_EXTRACTION",
				"type": "Script",
				"dependsOn": [
					{
						"activity": "Priv_DM_NBA",
						"dependencyConditions": [
							"Succeeded"
						]
					}
				],
				"policy": {
					"timeout": "0.12:00:00",
					"retry": 0,
					"retryIntervalInSeconds": 30,
					"secureOutput": false,
					"secureInput": false
				},
				"userProperties": [],
				"linkedServiceName": {
					"referenceName": "ls_sf_isdc",
					"type": "LinkedServiceReference",
					"parameters": {
						"par_sf_acct": {
							"value": "@pipeline().globalParameters.par_sf_acct",
							"type": "Expression"
						},
						"par_sf_user": {
							"value": "@pipeline().globalParameters.par_sf_user",
							"type": "Expression"
						},
						"par_sf_db": {
							"value": "@pipeline().globalParameters.par_sf_db",
							"type": "Expression"
						},
						"par_sf_wh": {
							"value": "@pipeline().globalParameters.par_sf_wh",
							"type": "Expression"
						},
						"par_sf_role": {
							"value": "@pipeline().globalParameters.par_sf_role",
							"type": "Expression"
						}
					}
				},
				"typeProperties": {
					"scripts": [
						{
							"type": "NonQuery",
							"text": {
								"value": "@concat(\n'CALL ',\nstring(activity(\n'Get_Object_Metadata'\n).output.value[13].OBJECT_DB), '.', \nstring(activity(\n'Get_Object_Metadata'\n).output.value[13].OBJECT_SCHEMA),'.','SP_PRIV_AUTH_NBA_RANK_CREATION_EXTRACTION','(','''',pipeline().RunId,'''',',','''',pipeline().Pipeline,'''',',',string(activity(\n'Get_Object_Metadata'\n).output.value[13].OBJECT_SIGNATURE),')'\n\n)",
								"type": "Expression"
							}
						}
					],
					"scriptBlockExecutionTimeout": "02:00:00"
				}
			},
			{
				"name": "Priv_IB_PT",
				"type": "DatabricksNotebook",
				"dependsOn": [
					{
						"activity": "PRIV_AUTH_NBA_RANK_CREATION_EXTRACTION",
						"dependencyConditions": [
							"Succeeded"
						]
					}
				],
				"policy": {
					"timeout": "0.12:00:00",
					"retry": 0,
					"retryIntervalInSeconds": 30,
					"secureOutput": false,
					"secureInput": false
				},
				"userProperties": [],
				"typeProperties": {
					"notebookPath": "/live/notebooks/RTO_MODLES/Priv_IB_PT",
					"baseParameters": {
						"snowflake_url": {
							"value": "@concat('https://',pipeline().globalParameters.par_sf_acct,'.snowflakecomputing.com/')",
							"type": "Expression"
						},
						"snowflake_database": {
							"value": "@pipeline().globalParameters.par_sf_db",
							"type": "Expression"
						},
						"snowflake_schema": "BDR_FFP_DA_WRK",
						"snowflake_warehouse": {
							"value": "@pipeline().globalParameters.par_sf_wh",
							"type": "Expression"
						},
						"snowflake_role": {
							"value": "@pipeline().globalParameters.par_sf_role",
							"type": "Expression"
						},
						"snowflake_userid": {
							"value": "@pipeline().globalParameters.par_sf_user",
							"type": "Expression"
						},
						"snowflake_table": "RTO_MODELS_EFT_PRIV_SS_FINAL_DATASET9"
					}
				},
				"linkedServiceName": {
					"referenceName": "ls_databricks_analytics",
					"type": "LinkedServiceReference",
					"parameters": {
						"par_dbw_domain": {
							"value": "@pipeline().globalParameters.par_dbw_domain",
							"type": "Expression"
						},
						"par_dbw_cluster_id": {
							"value": "@pipeline().globalParameters.par_dbw_cluster_id",
							"type": "Expression"
						},
						"par_dbw_tk_name": {
							"value": "@pipeline().globalParameters.par_dbw_tk_name",
							"type": "Expression"
						}
					}
				}
			},
			{
				"name": "PRIV_AUTH_PT_RANK_CREATION_EXTRACTION",
				"type": "Script",
				"dependsOn": [
					{
						"activity": "Priv_IB_PT",
						"dependencyConditions": [
							"Succeeded"
						]
					}
				],
				"policy": {
					"timeout": "0.12:00:00",
					"retry": 0,
					"retryIntervalInSeconds": 30,
					"secureOutput": false,
					"secureInput": false
				},
				"userProperties": [],
				"linkedServiceName": {
					"referenceName": "ls_sf_isdc",
					"type": "LinkedServiceReference",
					"parameters": {
						"par_sf_acct": {
							"value": "@pipeline().globalParameters.par_sf_acct",
							"type": "Expression"
						},
						"par_sf_user": {
							"value": "@pipeline().globalParameters.par_sf_user",
							"type": "Expression"
						},
						"par_sf_db": {
							"value": "@pipeline().globalParameters.par_sf_db",
							"type": "Expression"
						},
						"par_sf_wh": {
							"value": "@pipeline().globalParameters.par_sf_wh",
							"type": "Expression"
						},
						"par_sf_role": {
							"value": "@pipeline().globalParameters.par_sf_role",
							"type": "Expression"
						}
					}
				},
				"typeProperties": {
					"scripts": [
						{
							"type": "NonQuery",
							"text": {
								"value": "@concat(\n'CALL ',\nstring(activity(\n'Get_Object_Metadata'\n).output.value[14].OBJECT_DB), '.', \nstring(activity(\n'Get_Object_Metadata'\n).output.value[14].OBJECT_SCHEMA),'.','SP_PRIV_AUTH_PT_RANK_CREATION_EXTRACTION','(','''',pipeline().RunId,'''',',','''',pipeline().Pipeline,'''',',',string(activity(\n'Get_Object_Metadata'\n).output.value[14].OBJECT_SIGNATURE),')'\n\n)",
								"type": "Expression"
							}
						}
					],
					"scriptBlockExecutionTimeout": "02:00:00"
				}
			},
			{
				"name": "On Complete End Log",
				"type": "Script",
				"dependsOn": [
					{
						"activity": "PRIV_AUTH_PT_RANK_CREATION_EXTRACTION",
						"dependencyConditions": [
							"Succeeded"
						]
					}
				],
				"policy": {
					"timeout": "0.12:00:00",
					"retry": 0,
					"retryIntervalInSeconds": 30,
					"secureOutput": false,
					"secureInput": false
				},
				"userProperties": [],
				"linkedServiceName": {
					"referenceName": "ls_sf_isdc",
					"type": "LinkedServiceReference",
					"parameters": {
						"par_sf_acct": {
							"value": "@pipeline().globalParameters.par_sf_acct",
							"type": "Expression"
						},
						"par_sf_user": {
							"value": "@pipeline().globalParameters.par_sf_user",
							"type": "Expression"
						},
						"par_sf_db": {
							"value": "@pipeline().globalParameters.par_sf_db",
							"type": "Expression"
						},
						"par_sf_wh": {
							"value": "@pipeline().globalParameters.par_sf_wh",
							"type": "Expression"
						},
						"par_sf_role": {
							"value": "@pipeline().globalParameters.par_sf_role",
							"type": "Expression"
						}
					}
				},
				"typeProperties": {
					"scripts": [
						{
							"type": "NonQuery",
							"text": {
								"value": "@concat(\n'EXECUTE IMMEDIATE ','''','UPDATE ',\nstring(activity('Get_Object_Metadata').output.value[0].OBJECT_DB), '.', \npipeline().parameters.p_util_schema,'.','PROCESS_RUN_LOGS_ANALYTICS SET STATUS=','''','''','COMPLETED','''','''',' WHERE PIPELINE_ID=','''','''',pipeline().RunId,'''','''',''''\n)\n",
								"type": "Expression"
							}
						}
					],
					"scriptBlockExecutionTimeout": "02:00:00"
				}
			},
			{
				"name": "plt_email_notify_3",
				"type": "ExecutePipeline",
				"dependsOn": [
					{
						"activity": "RTO_MODELS_6_10",
						"dependencyConditions": [
							"Failed"
						]
					}
				],
				"policy": {
					"secureInput": false
				},
				"userProperties": [],
				"typeProperties": {
					"pipeline": {
						"referenceName": "plt_email_notify",
						"type": "PipelineReference"
					},
					"waitOnCompletion": true,
					"parameters": {
						"EmailSender": {
							"value": "@pipeline().globalParameters.par_email_sender",
							"type": "Expression"
						},
						"EmailRecipient": {
							"value": "@pipeline().parameters.p_email_recipient",
							"type": "Expression"
						},
						"EmailSubject": {
							"value": "@concat('ISDC ', toUpper(pipeline().globalParameters.par_env),' - ',  pipeline().Pipeline, ' Failed')",
							"type": "Expression"
						},
						"EmailContentHTML": {
							"value": "@concat('PipelineName: ', pipeline().Pipeline, \n'<br>', activity('Start Log').error?.message)",
							"type": "Expression"
						}
					}
				}
			},
			{
				"name": "plt_email_notify_5",
				"type": "ExecutePipeline",
				"dependsOn": [
					{
						"activity": "RTO_MODELS_17",
						"dependencyConditions": [
							"Failed"
						]
					}
				],
				"policy": {
					"secureInput": false
				},
				"userProperties": [],
				"typeProperties": {
					"pipeline": {
						"referenceName": "plt_email_notify",
						"type": "PipelineReference"
					},
					"waitOnCompletion": true,
					"parameters": {
						"EmailSender": {
							"value": "@pipeline().globalParameters.par_email_sender",
							"type": "Expression"
						},
						"EmailRecipient": {
							"value": "@pipeline().parameters.p_email_recipient",
							"type": "Expression"
						},
						"EmailSubject": {
							"value": "@concat('ISDC ', toUpper(pipeline().globalParameters.par_env),' - ',  pipeline().Pipeline, ' Failed')",
							"type": "Expression"
						},
						"EmailContentHTML": {
							"value": "@concat('PipelineName: ', pipeline().Pipeline, \n'<br>', activity('Start Log').error?.message)",
							"type": "Expression"
						}
					}
				}
			},
			{
				"name": "plt_email_notify_4",
				"type": "ExecutePipeline",
				"dependsOn": [
					{
						"activity": "RTO_MODELS_10_16",
						"dependencyConditions": [
							"Failed"
						]
					}
				],
				"policy": {
					"secureInput": false
				},
				"userProperties": [],
				"typeProperties": {
					"pipeline": {
						"referenceName": "plt_email_notify",
						"type": "PipelineReference"
					},
					"waitOnCompletion": true,
					"parameters": {
						"EmailSender": {
							"value": "@pipeline().globalParameters.par_email_sender",
							"type": "Expression"
						},
						"EmailRecipient": {
							"value": "@pipeline().parameters.p_email_recipient",
							"type": "Expression"
						},
						"EmailSubject": {
							"value": "@concat('ISDC ', toUpper(pipeline().globalParameters.par_env),' - ',  pipeline().Pipeline, ' Failed')",
							"type": "Expression"
						},
						"EmailContentHTML": {
							"value": "@concat('PipelineName: ', pipeline().Pipeline, \n'<br>', activity('Start Log').error?.message)",
							"type": "Expression"
						}
					}
				}
			},
			{
				"name": "plt_email_notify_7_1",
				"type": "ExecutePipeline",
				"dependsOn": [
					{
						"activity": "EFT_MODEL_SCORING_CODE",
						"dependencyConditions": [
							"Failed"
						]
					}
				],
				"policy": {
					"secureInput": false
				},
				"userProperties": [],
				"typeProperties": {
					"pipeline": {
						"referenceName": "plt_email_notify",
						"type": "PipelineReference"
					},
					"waitOnCompletion": true,
					"parameters": {
						"EmailSender": {
							"value": "@pipeline().globalParameters.par_email_sender",
							"type": "Expression"
						},
						"EmailRecipient": {
							"value": "@pipeline().parameters.p_email_recipient",
							"type": "Expression"
						},
						"EmailSubject": {
							"value": "@concat('ISDC ', toUpper(pipeline().globalParameters.par_env),' - ',  pipeline().Pipeline, ' Failed')",
							"type": "Expression"
						},
						"EmailContentHTML": {
							"value": "@concat('PipelineName: ', pipeline().Pipeline, \n'<br>', activity('Start Log').error?.message)",
							"type": "Expression"
						}
					}
				}
			},
			{
				"name": "plt_email_notify_6",
				"type": "ExecutePipeline",
				"dependsOn": [
					{
						"activity": "RTO_MODELS_18_20",
						"dependencyConditions": [
							"Failed"
						]
					}
				],
				"policy": {
					"secureInput": false
				},
				"userProperties": [],
				"typeProperties": {
					"pipeline": {
						"referenceName": "plt_email_notify",
						"type": "PipelineReference"
					},
					"waitOnCompletion": true,
					"parameters": {
						"EmailSender": {
							"value": "@pipeline().globalParameters.par_email_sender",
							"type": "Expression"
						},
						"EmailRecipient": {
							"value": "@pipeline().parameters.p_email_recipient",
							"type": "Expression"
						},
						"EmailSubject": {
							"value": "@concat('ISDC ', toUpper(pipeline().globalParameters.par_env),' - ',  pipeline().Pipeline, ' Failed')",
							"type": "Expression"
						},
						"EmailContentHTML": {
							"value": "@concat('PipelineName: ', pipeline().Pipeline, \n'<br>', activity('Start Log').error?.message)",
							"type": "Expression"
						}
					}
				}
			},
			{
				"name": "plt_email_notify_8",
				"type": "ExecutePipeline",
				"dependsOn": [
					{
						"activity": "EFT_RANK_CREATION_EXTRACTION",
						"dependencyConditions": [
							"Failed"
						]
					}
				],
				"policy": {
					"secureInput": false
				},
				"userProperties": [],
				"typeProperties": {
					"pipeline": {
						"referenceName": "plt_email_notify",
						"type": "PipelineReference"
					},
					"waitOnCompletion": true,
					"parameters": {
						"EmailSender": {
							"value": "@pipeline().globalParameters.par_email_sender",
							"type": "Expression"
						},
						"EmailRecipient": {
							"value": "@pipeline().parameters.p_email_recipient",
							"type": "Expression"
						},
						"EmailSubject": {
							"value": "@concat('ISDC ', toUpper(pipeline().globalParameters.par_env),' - ',  pipeline().Pipeline, ' Failed')",
							"type": "Expression"
						},
						"EmailContentHTML": {
							"value": "@concat('PipelineName: ', pipeline().Pipeline, \n'<br>', activity('Start Log').error?.message)",
							"type": "Expression"
						}
					}
				}
			},
			{
				"name": "plt_email_notify_9",
				"type": "ExecutePipeline",
				"dependsOn": [
					{
						"activity": "LIKELY_DETRACTOR_PASSIVE_PROMOTER_SCORING_CODE",
						"dependencyConditions": [
							"Failed"
						]
					}
				],
				"policy": {
					"secureInput": false
				},
				"userProperties": [],
				"typeProperties": {
					"pipeline": {
						"referenceName": "plt_email_notify",
						"type": "PipelineReference"
					},
					"waitOnCompletion": true,
					"parameters": {
						"EmailSender": {
							"value": "@pipeline().globalParameters.par_email_sender",
							"type": "Expression"
						},
						"EmailRecipient": {
							"value": "@pipeline().parameters.p_email_recipient",
							"type": "Expression"
						},
						"EmailSubject": {
							"value": "@concat('ISDC ', toUpper(pipeline().globalParameters.par_env),' - ',  pipeline().Pipeline, ' Failed')",
							"type": "Expression"
						},
						"EmailContentHTML": {
							"value": "@concat('PipelineName: ', pipeline().Pipeline, \n'<br>', activity('Start Log').error?.message)",
							"type": "Expression"
						}
					}
				}
			},
			{
				"name": "plt_email_notify_10",
				"type": "ExecutePipeline",
				"dependsOn": [
					{
						"activity": "DET_RANK_CREATION_EXTRACTION",
						"dependencyConditions": [
							"Failed"
						]
					}
				],
				"policy": {
					"secureInput": false
				},
				"userProperties": [],
				"typeProperties": {
					"pipeline": {
						"referenceName": "plt_email_notify",
						"type": "PipelineReference"
					},
					"waitOnCompletion": true,
					"parameters": {
						"EmailSender": {
							"value": "@pipeline().globalParameters.par_email_sender",
							"type": "Expression"
						},
						"EmailRecipient": {
							"value": "@pipeline().parameters.p_email_recipient",
							"type": "Expression"
						},
						"EmailSubject": {
							"value": "@concat('ISDC ', toUpper(pipeline().globalParameters.par_env),' - ',  pipeline().Pipeline, ' Failed')",
							"type": "Expression"
						},
						"EmailContentHTML": {
							"value": "@concat('PipelineName: ', pipeline().Pipeline, \n'<br>', activity('Start Log').error?.message)",
							"type": "Expression"
						}
					}
				}
			},
			{
				"name": "plt_email_notify_11",
				"type": "ExecutePipeline",
				"dependsOn": [
					{
						"activity": "PASS_RANK_CREATION_EXTRACTION",
						"dependencyConditions": [
							"Failed"
						]
					}
				],
				"policy": {
					"secureInput": false
				},
				"userProperties": [],
				"typeProperties": {
					"pipeline": {
						"referenceName": "plt_email_notify",
						"type": "PipelineReference"
					},
					"waitOnCompletion": true,
					"parameters": {
						"EmailSender": {
							"value": "@pipeline().globalParameters.par_email_sender",
							"type": "Expression"
						},
						"EmailRecipient": {
							"value": "@pipeline().parameters.p_email_recipient",
							"type": "Expression"
						},
						"EmailSubject": {
							"value": "@concat('ISDC ', toUpper(pipeline().globalParameters.par_env),' - ',  pipeline().Pipeline, ' Failed')",
							"type": "Expression"
						},
						"EmailContentHTML": {
							"value": "@concat('PipelineName: ', pipeline().Pipeline, \n'<br>', activity('Start Log').error?.message)",
							"type": "Expression"
						}
					}
				}
			},
			{
				"name": "plt_email_notify_12",
				"type": "ExecutePipeline",
				"dependsOn": [
					{
						"activity": "PROM_RANK_CREATION_EXTRACTION",
						"dependencyConditions": [
							"Failed"
						]
					}
				],
				"policy": {
					"secureInput": false
				},
				"userProperties": [],
				"typeProperties": {
					"pipeline": {
						"referenceName": "plt_email_notify",
						"type": "PipelineReference"
					},
					"waitOnCompletion": true,
					"parameters": {
						"EmailSender": {
							"value": "@pipeline().globalParameters.par_email_sender",
							"type": "Expression"
						},
						"EmailRecipient": {
							"value": "@pipeline().parameters.p_email_recipient",
							"type": "Expression"
						},
						"EmailSubject": {
							"value": "@concat('ISDC ', toUpper(pipeline().globalParameters.par_env),' - ',  pipeline().Pipeline, ' Failed')",
							"type": "Expression"
						},
						"EmailContentHTML": {
							"value": "@concat('PipelineName: ', pipeline().Pipeline, \n'<br>', activity('Start Log').error?.message)",
							"type": "Expression"
						}
					}
				}
			},
			{
				"name": "plt_email_notify_13",
				"type": "ExecutePipeline",
				"dependsOn": [
					{
						"activity": "Web_EM_DM",
						"dependencyConditions": [
							"Failed"
						]
					}
				],
				"policy": {
					"secureInput": false
				},
				"userProperties": [],
				"typeProperties": {
					"pipeline": {
						"referenceName": "plt_email_notify",
						"type": "PipelineReference"
					},
					"waitOnCompletion": true,
					"parameters": {
						"EmailSender": {
							"value": "@pipeline().globalParameters.par_email_sender",
							"type": "Expression"
						},
						"EmailRecipient": {
							"value": "@pipeline().parameters.p_email_recipient",
							"type": "Expression"
						},
						"EmailSubject": {
							"value": "@concat('ISDC ', toUpper(pipeline().globalParameters.par_env),' - ',  pipeline().Pipeline, ' Failed')",
							"type": "Expression"
						},
						"EmailContentHTML": {
							"value": "@concat('PipelineName: ', pipeline().Pipeline, \n'<br>', activity('Start Log').error?.message)",
							"type": "Expression"
						}
					}
				}
			},
			{
				"name": "plt_email_notify_14",
				"type": "ExecutePipeline",
				"dependsOn": [
					{
						"activity": "WEBDM_RANK_CREATION_EXTRACTION",
						"dependencyConditions": [
							"Failed"
						]
					}
				],
				"policy": {
					"secureInput": false
				},
				"userProperties": [],
				"typeProperties": {
					"pipeline": {
						"referenceName": "plt_email_notify",
						"type": "PipelineReference"
					},
					"waitOnCompletion": true,
					"parameters": {
						"EmailSender": {
							"value": "@pipeline().globalParameters.par_email_sender",
							"type": "Expression"
						},
						"EmailRecipient": {
							"value": "@pipeline().parameters.p_email_recipient",
							"type": "Expression"
						},
						"EmailSubject": {
							"value": "@concat('ISDC ', toUpper(pipeline().globalParameters.par_env),' - ',  pipeline().Pipeline, ' Failed')",
							"type": "Expression"
						},
						"EmailContentHTML": {
							"value": "@concat('PipelineName: ', pipeline().Pipeline, \n'<br>', activity('Start Log').error?.message)",
							"type": "Expression"
						}
					}
				}
			},
			{
				"name": "plt_email_notify_15",
				"type": "ExecutePipeline",
				"dependsOn": [
					{
						"activity": "WEBEM_RANK_CREATION_EXTRACTION",
						"dependencyConditions": [
							"Failed"
						]
					}
				],
				"policy": {
					"secureInput": false
				},
				"userProperties": [],
				"typeProperties": {
					"pipeline": {
						"referenceName": "plt_email_notify",
						"type": "PipelineReference"
					},
					"waitOnCompletion": true,
					"parameters": {
						"EmailSender": {
							"value": "@pipeline().globalParameters.par_email_sender",
							"type": "Expression"
						},
						"EmailRecipient": {
							"value": "@pipeline().parameters.p_email_recipient",
							"type": "Expression"
						},
						"EmailSubject": {
							"value": "@concat('ISDC ', toUpper(pipeline().globalParameters.par_env),' - ',  pipeline().Pipeline, ' Failed')",
							"type": "Expression"
						},
						"EmailContentHTML": {
							"value": "@concat('PipelineName: ', pipeline().Pipeline, \n'<br>', activity('Start Log').error?.message)",
							"type": "Expression"
						}
					}
				}
			},
			{
				"name": "plt_email_notify_16",
				"type": "ExecutePipeline",
				"dependsOn": [
					{
						"activity": "Web_PT",
						"dependencyConditions": [
							"Failed"
						]
					}
				],
				"policy": {
					"secureInput": false
				},
				"userProperties": [],
				"typeProperties": {
					"pipeline": {
						"referenceName": "plt_email_notify",
						"type": "PipelineReference"
					},
					"waitOnCompletion": true,
					"parameters": {
						"EmailSender": {
							"value": "@pipeline().globalParameters.par_email_sender",
							"type": "Expression"
						},
						"EmailRecipient": {
							"value": "@pipeline().parameters.p_email_recipient",
							"type": "Expression"
						},
						"EmailSubject": {
							"value": "@concat('ISDC ', toUpper(pipeline().globalParameters.par_env),' - ',  pipeline().Pipeline, ' Failed')",
							"type": "Expression"
						},
						"EmailContentHTML": {
							"value": "@concat('PipelineName: ', pipeline().Pipeline, \n'<br>', activity('Start Log').error?.message)",
							"type": "Expression"
						}
					}
				}
			},
			{
				"name": "plt_email_notify_17",
				"type": "ExecutePipeline",
				"dependsOn": [
					{
						"activity": "WEBPT_RANK_CREATION_EXTRACTION",
						"dependencyConditions": [
							"Failed"
						]
					}
				],
				"policy": {
					"secureInput": false
				},
				"userProperties": [],
				"typeProperties": {
					"pipeline": {
						"referenceName": "plt_email_notify",
						"type": "PipelineReference"
					},
					"waitOnCompletion": true,
					"parameters": {
						"EmailSender": {
							"value": "@pipeline().globalParameters.par_email_sender",
							"type": "Expression"
						},
						"EmailRecipient": {
							"value": "@pipeline().parameters.p_email_recipient",
							"type": "Expression"
						},
						"EmailSubject": {
							"value": "@concat('ISDC ', toUpper(pipeline().globalParameters.par_env),' - ',  pipeline().Pipeline, ' Failed')",
							"type": "Expression"
						},
						"EmailContentHTML": {
							"value": "@concat('PipelineName: ', pipeline().Pipeline, \n'<br>', activity('Start Log').error?.message)",
							"type": "Expression"
						}
					}
				}
			},
			{
				"name": "plt_email_notify_18",
				"type": "ExecutePipeline",
				"dependsOn": [
					{
						"activity": "Priv_DM_NBA",
						"dependencyConditions": [
							"Failed"
						]
					}
				],
				"policy": {
					"secureInput": false
				},
				"userProperties": [],
				"typeProperties": {
					"pipeline": {
						"referenceName": "plt_email_notify",
						"type": "PipelineReference"
					},
					"waitOnCompletion": true,
					"parameters": {
						"EmailSender": {
							"value": "@pipeline().globalParameters.par_email_sender",
							"type": "Expression"
						},
						"EmailRecipient": {
							"value": "@pipeline().parameters.p_email_recipient",
							"type": "Expression"
						},
						"EmailSubject": {
							"value": "@concat('ISDC ', toUpper(pipeline().globalParameters.par_env),' - ',  pipeline().Pipeline, ' Failed')",
							"type": "Expression"
						},
						"EmailContentHTML": {
							"value": "@concat('PipelineName: ', pipeline().Pipeline, \n'<br>', activity('Start Log').error?.message)",
							"type": "Expression"
						}
					}
				}
			},
			{
				"name": "plt_email_notify_19",
				"type": "ExecutePipeline",
				"dependsOn": [
					{
						"activity": "PRIV_AUTH_NBA_RANK_CREATION_EXTRACTION",
						"dependencyConditions": [
							"Failed"
						]
					}
				],
				"policy": {
					"secureInput": false
				},
				"userProperties": [],
				"typeProperties": {
					"pipeline": {
						"referenceName": "plt_email_notify",
						"type": "PipelineReference"
					},
					"waitOnCompletion": true,
					"parameters": {
						"EmailSender": {
							"value": "@pipeline().globalParameters.par_email_sender",
							"type": "Expression"
						},
						"EmailRecipient": {
							"value": "@pipeline().parameters.p_email_recipient",
							"type": "Expression"
						},
						"EmailSubject": {
							"value": "@concat('ISDC ', toUpper(pipeline().globalParameters.par_env),' - ',  pipeline().Pipeline, ' Failed')",
							"type": "Expression"
						},
						"EmailContentHTML": {
							"value": "@concat('PipelineName: ', pipeline().Pipeline, \n'<br>', activity('Start Log').error?.message)",
							"type": "Expression"
						}
					}
				}
			},
			{
				"name": "plt_email_notify_20",
				"type": "ExecutePipeline",
				"dependsOn": [
					{
						"activity": "Priv_IB_PT",
						"dependencyConditions": [
							"Failed"
						]
					}
				],
				"policy": {
					"secureInput": false
				},
				"userProperties": [],
				"typeProperties": {
					"pipeline": {
						"referenceName": "plt_email_notify",
						"type": "PipelineReference"
					},
					"waitOnCompletion": true,
					"parameters": {
						"EmailSender": {
							"value": "@pipeline().globalParameters.par_email_sender",
							"type": "Expression"
						},
						"EmailRecipient": {
							"value": "@pipeline().parameters.p_email_recipient",
							"type": "Expression"
						},
						"EmailSubject": {
							"value": "@concat('ISDC ', toUpper(pipeline().globalParameters.par_env),' - ',  pipeline().Pipeline, ' Failed')",
							"type": "Expression"
						},
						"EmailContentHTML": {
							"value": "@concat('PipelineName: ', pipeline().Pipeline, \n'<br>', activity('Start Log').error?.message)",
							"type": "Expression"
						}
					}
				}
			},
			{
				"name": "plt_email_notify_21",
				"type": "ExecutePipeline",
				"dependsOn": [
					{
						"activity": "PRIV_AUTH_PT_RANK_CREATION_EXTRACTION",
						"dependencyConditions": [
							"Failed"
						]
					}
				],
				"policy": {
					"secureInput": false
				},
				"userProperties": [],
				"typeProperties": {
					"pipeline": {
						"referenceName": "plt_email_notify",
						"type": "PipelineReference"
					},
					"waitOnCompletion": true,
					"parameters": {
						"EmailSender": {
							"value": "@pipeline().globalParameters.par_email_sender",
							"type": "Expression"
						},
						"EmailRecipient": {
							"value": "@pipeline().parameters.p_email_recipient",
							"type": "Expression"
						},
						"EmailSubject": {
							"value": "@concat('ISDC ', toUpper(pipeline().globalParameters.par_env),' - ',  pipeline().Pipeline, ' Failed')",
							"type": "Expression"
						},
						"EmailContentHTML": {
							"value": "@concat('PipelineName: ', pipeline().Pipeline, \n'<br>', activity('Start Log').error?.message)",
							"type": "Expression"
						}
					}
				}
			},
			{
				"name": "plt_email_notify_22",
				"type": "ExecutePipeline",
				"dependsOn": [
					{
						"activity": "On Complete End Log",
						"dependencyConditions": [
							"Failed"
						]
					}
				],
				"policy": {
					"secureInput": false
				},
				"userProperties": [],
				"typeProperties": {
					"pipeline": {
						"referenceName": "plt_email_notify",
						"type": "PipelineReference"
					},
					"waitOnCompletion": true,
					"parameters": {
						"EmailSender": {
							"value": "@pipeline().globalParameters.par_email_sender",
							"type": "Expression"
						},
						"EmailRecipient": {
							"value": "@pipeline().parameters.p_email_recipient",
							"type": "Expression"
						},
						"EmailSubject": {
							"value": "@concat('ISDC ', toUpper(pipeline().globalParameters.par_env),' - ',  pipeline().Pipeline, ' Failed')",
							"type": "Expression"
						},
						"EmailContentHTML": {
							"value": "@concat('PipelineName: ', pipeline().Pipeline, \n'<br>', activity('Start Log').error?.message)",
							"type": "Expression"
						}
					}
				}
			},
			{
				"name": "RTO_MODEL_EXTRACT_CREATION",
				"type": "Script",
				"dependsOn": [
					{
						"activity": "RTO_MODELS_18_20",
						"dependencyConditions": [
							"Succeeded"
						]
					}
				],
				"policy": {
					"timeout": "0.12:00:00",
					"retry": 0,
					"retryIntervalInSeconds": 30,
					"secureOutput": false,
					"secureInput": false
				},
				"userProperties": [],
				"linkedServiceName": {
					"referenceName": "ls_sf_isdc",
					"type": "LinkedServiceReference",
					"parameters": {
						"par_sf_acct": {
							"value": "@pipeline().globalParameters.par_sf_acct",
							"type": "Expression"
						},
						"par_sf_user": {
							"value": "@pipeline().globalParameters.par_sf_user",
							"type": "Expression"
						},
						"par_sf_db": {
							"value": "@pipeline().globalParameters.par_sf_db",
							"type": "Expression"
						},
						"par_sf_wh": {
							"value": "@pipeline().globalParameters.par_sf_wh",
							"type": "Expression"
						},
						"par_sf_role": {
							"value": "@pipeline().globalParameters.par_sf_role",
							"type": "Expression"
						}
					}
				},
				"typeProperties": {
					"scripts": [
						{
							"type": "NonQuery",
							"text": {
								"value": "@concat(\n'CALL ',\nstring(activity(\n'Get_Object_Metadata'\n).output.value[5].OBJECT_DB), '.', \nstring(activity(\n'Get_Object_Metadata'\n).output.value[5].OBJECT_SCHEMA),'.','SP_RTO_MODEL_EXTRACT_CREATION','(','''',pipeline().RunId,'''',',','''',pipeline().Pipeline,'''',',',string(activity(\n'Get_Object_Metadata'\n).output.value[5].OBJECT_SIGNATURE),')'\n\n)",
								"type": "Expression"
							}
						}
					],
					"scriptBlockExecutionTimeout": "02:00:00"
				}
			},
			{
				"name": "plt_email_notify_7",
				"type": "ExecutePipeline",
				"dependsOn": [
					{
						"activity": "RTO_MODEL_EXTRACT_CREATION",
						"dependencyConditions": [
							"Failed"
						]
					}
				],
				"policy": {
					"secureInput": false
				},
				"userProperties": [],
				"typeProperties": {
					"pipeline": {
						"referenceName": "plt_email_notify",
						"type": "PipelineReference"
					},
					"waitOnCompletion": true,
					"parameters": {
						"EmailSender": {
							"value": "@pipeline().globalParameters.par_email_sender",
							"type": "Expression"
						},
						"EmailRecipient": {
							"value": "@pipeline().parameters.p_email_recipient",
							"type": "Expression"
						},
						"EmailSubject": {
							"value": "@concat('ISDC ', toUpper(pipeline().globalParameters.par_env),' - ',  pipeline().Pipeline, ' Failed')",
							"type": "Expression"
						},
						"EmailContentHTML": {
							"value": "@concat('PipelineName: ', pipeline().Pipeline, \n'<br>', activity('Start Log').error?.message)",
							"type": "Expression"
						}
					}
				}
			},
			{
				"name": "Start the Porcess",
				"type": "SetVariable",
				"dependsOn": [],
				"policy": {
					"secureOutput": false,
					"secureInput": false
				},
				"userProperties": [],
				"typeProperties": {
					"variableName": "start_time",
					"value": {
						"value": "@formatDateTime(utcNow(),'yyyy-MM-ddTHH:mm:ss')",
						"type": "Expression"
					}
				}
			},
			{
				"name": "End Process",
				"type": "SetVariable",
				"dependsOn": [
					{
						"activity": "Move Files from Landing to Archive",
						"dependencyConditions": [
							"Succeeded"
						]
					}
				],
				"policy": {
					"secureOutput": false,
					"secureInput": false
				},
				"userProperties": [],
				"typeProperties": {
					"variableName": "end_time",
					"value": {
						"value": "@formatDateTime(utcNow(),'yyyy-MM-ddTHH:mm:ss')",
						"type": "Expression"
					}
				}
			},
			{
				"name": "plt_email_success",
				"type": "ExecutePipeline",
				"dependsOn": [
					{
						"activity": "End Process",
						"dependencyConditions": [
							"Succeeded"
						]
					}
				],
				"policy": {
					"secureInput": false
				},
				"userProperties": [],
				"typeProperties": {
					"pipeline": {
						"referenceName": "plt_email_success",
						"type": "PipelineReference"
					},
					"waitOnCompletion": true,
					"parameters": {
						"EmailSender": {
							"value": "@pipeline().globalParameters.par_email_sender",
							"type": "Expression"
						},
						"EmailRecipient": {
							"value": "[{\"emailAddress\":{\"address\":\"ism_deep_de@ds.uhc.com\"}},{\"emailAddress\":{\"address\":\"sanjayagrawal@optum.com\"}},{\"emailAddress\":{\"address\":\"ritikawatsya@optum.com\"}}]",
							"type": "Expression"
						},
						"EmailSubject": {
							"value": "@concat('ISDC ', toUpper(pipeline().globalParameters.par_env),' - ',  pipeline().Pipeline, '  Success')",
							"type": "Expression"
						},
						"EmailContentHTML": {
							"value": "@concat('The    ',pipeline().parameters.p_application, '  ETL has completed successfully.','</br>','   ',\n\n'</br>','Environment : ', pipeline().DataFactory,'</br>','  ',\n\n'</br>','WorkFlow : ', pipeline().Pipeline,'</br>','  ',\n'</br>','Started At :',variables('start_time'),'</br>','  ',\n\n'</br>','Completed At :',variables('end_time'),'</br>','  ',\n\n'</br>',' Please check ETL_BATCH_OBJECT_CONTROL_ANALYTICS & ETL_BATCH_OBJECT_CONTROL_LOG_ANALYTICS tables for more details.','</br>','  ','</br>','This is an automatically generated message. Please Do not reply.','</br>','  ','</br>','Contact ISDC Support for any further information.','</br>','  ','</br>','******************************************************')",
							"type": "Expression"
						}
					}
				}
			},
			{
				"name": "Move Files from Landing to Archive",
				"description": "Move Files from Landing to Archive",
				"type": "Copy",
				"dependsOn": [
					{
						"activity": "On Complete End Log",
						"dependencyConditions": [
							"Succeeded"
						]
					}
				],
				"policy": {
					"timeout": "0.12:00:00",
					"retry": 2,
					"retryIntervalInSeconds": 300,
					"secureOutput": false,
					"secureInput": false
				},
				"userProperties": [
					{
						"name": "Source",
						"value": "isdc/@{concat(pipeline().globalParameters.par_env, '/landing/compas_billing/')}/@{'*.DAT'}"
					},
					{
						"name": "Destination",
						"value": "isdc/@{concat(pipeline().globalParameters.par_env, '/pre_clm/inbox/compas_billing/')}/@{' '}"
					}
				],
				"typeProperties": {
					"source": {
						"type": "DelimitedTextSource",
						"storeSettings": {
							"type": "AzureBlobStorageReadSettings",
							"recursive": true,
							"wildcardFolderPath": {
								"value": "@concat(pipeline().globalParameters.par_env, '/analytics/inbox/rtuw/')",
								"type": "Expression"
							},
							"wildcardFileName": {
								"value": "@concat('*.csv')",
								"type": "Expression"
							},
							"enablePartitionDiscovery": false
						},
						"formatSettings": {
							"type": "DelimitedTextReadSettings"
						}
					},
					"sink": {
						"type": "DelimitedTextSink",
						"storeSettings": {
							"type": "AzureBlobStorageWriteSettings",
							"copyBehavior": "PreserveHierarchy"
						},
						"formatSettings": {
							"type": "DelimitedTextWriteSettings",
							"quoteAllText": true,
							"fileExtension": ".txt"
						}
					},
					"enableStaging": false,
					"translator": {
						"type": "TabularTranslator",
						"typeConversion": true,
						"typeConversionSettings": {
							"allowDataTruncation": true,
							"treatBooleanAsNumber": false
						}
					}
				},
				"inputs": [
					{
						"referenceName": "ds_ablob_files",
						"type": "DatasetReference",
						"parameters": {
							"p_folder_name": {
								"value": "@concat(pipeline().globalParameters.par_env, '/analytics/inbox/rto_models/')",
								"type": "Expression"
							},
							"p_hotstore_endpoint": "@pipeline().globalParameters.par_blob_hotstore_endpoint"
						}
					}
				],
				"outputs": [
					{
						"referenceName": "ds_ablob_files",
						"type": "DatasetReference",
						"parameters": {
							"p_folder_name": {
								"value": "@concat(pipeline().globalParameters.par_env, '/analytics/archive/rto_models/',formatDateTime(utcNow(),'yyyy-MM-dd'),'/')",
								"type": "Expression"
							},
							"p_hotstore_endpoint": "@pipeline().globalParameters.par_blob_hotstore_endpoint"
						}
					}
				]
			},
			{
				"name": "File Movement to ECG",
				"type": "ExecutePipeline",
				"dependsOn": [
					{
						"activity": "Set_variable",
						"dependencyConditions": [
							"Succeeded"
						]
					}
				],
				"policy": {
					"secureInput": false
				},
				"userProperties": [],
				"typeProperties": {
					"pipeline": {
						"referenceName": "ecg_files_transfer",
						"type": "PipelineReference"
					},
					"waitOnCompletion": true,
					"parameters": {
						"p_folder_name": {
							"value": "@concat(pipeline().globalParameters.par_env,'/analytics/outbox/rto_models/ecg_transfer/')",
							"type": "Expression"
						},
						"p_file_name": {
							"value": "@concat('DEEP_129_Likely_Detractor_Model_',concat(formatDateTime(convertTimeZone(utcnow(), 'UTC', 'Central Standard Time'), 'yyyy'),'-', formatDateTime(convertTimeZone(utcnow(), 'UTC', 'Central Standard Time'),'MM'),'-',formatDateTime(convertTimeZone(utcnow(), 'UTC', 'Central Standard Time'),'dd')),'.dat')",
							"type": "Expression"
						},
						"P_hotstore_endpoint": {
							"value": "@pipeline().globalParameters.par_blob_hotstore_endpoint",
							"type": "Expression"
						},
						"Target_Folder": "/in/to_smart/isa",
						"Actual_File_Name": {
							"value": "@concat('DEEP_129_Likely_Detractor_Model_',concat(formatDateTime(convertTimeZone(utcnow(), 'UTC', 'Central Standard Time'), 'yyyy'),'-', formatDateTime(convertTimeZone(utcnow(), 'UTC', 'Central Standard Time'),'MM'),'-',formatDateTime(convertTimeZone(utcnow(), 'UTC', 'Central Standard Time'),'dd')),'.dat')",
							"type": "Expression"
						}
					}
				}
			},
			{
				"name": "Set_variable_ecg",
				"type": "SetVariable",
				"dependsOn": [
					{
						"activity": "File Movement to ECG_copy3_copy1",
						"dependencyConditions": [
							"Succeeded"
						]
					}
				],
				"policy": {
					"secureOutput": false,
					"secureInput": false
				},
				"userProperties": [],
				"typeProperties": {
					"variableName": "Completed",
					"value": "ECG is completed"
				}
			},
			{
				"name": "plt_email_notify_ecg",
				"type": "ExecutePipeline",
				"dependsOn": [
					{
						"activity": "File Movement to ECG_copy3_copy1",
						"dependencyConditions": [
							"Failed"
						]
					}
				],
				"policy": {
					"secureInput": false
				},
				"userProperties": [],
				"typeProperties": {
					"pipeline": {
						"referenceName": "plt_email_notify",
						"type": "PipelineReference"
					},
					"waitOnCompletion": true,
					"parameters": {
						"EmailSender": {
							"value": "@pipeline().globalParameters.par_email_sender",
							"type": "Expression"
						},
						"EmailRecipient": {
							"value": "@pipeline().parameters.p_email_recipient",
							"type": "Expression"
						},
						"EmailSubject": {
							"value": "@concat('ISDC ', toUpper(pipeline().globalParameters.par_env),' - ',  pipeline().Pipeline, ' Failed')",
							"type": "Expression"
						},
						"EmailContentHTML": {
							"value": "@concat('PipelineName: ', pipeline().Pipeline, \n'<br>', activity('File Movement to ECG').error?.message)",
							"type": "Expression"
						}
					}
				}
			},
			{
				"name": "File Movement to ECG_copy1",
				"type": "ExecutePipeline",
				"dependsOn": [
					{
						"activity": "File Movement to ECG_copy2_copy1",
						"dependencyConditions": [
							"Succeeded"
						]
					}
				],
				"policy": {
					"secureInput": false
				},
				"userProperties": [],
				"typeProperties": {
					"pipeline": {
						"referenceName": "ecg_files_transfer",
						"type": "PipelineReference"
					},
					"waitOnCompletion": true,
					"parameters": {
						"p_folder_name": {
							"value": "@concat(pipeline().globalParameters.par_env,'/analytics/outbox/rto_models/ecg_transfer/')",
							"type": "Expression"
						},
						"p_file_name": {
							"value": "@concat('DEEP_135_Web_Reg_Completion_DM_',concat(formatDateTime(convertTimeZone(utcnow(), 'UTC', 'Central Standard Time'), 'yyyy'),'-', formatDateTime(convertTimeZone(utcnow(), 'UTC', 'Central Standard Time'),'MM'),'-',formatDateTime(convertTimeZone(utcnow(), 'UTC', 'Central Standard Time'),'dd')),'.dat')",
							"type": "Expression"
						},
						"P_hotstore_endpoint": {
							"value": "@pipeline().globalParameters.par_blob_hotstore_endpoint",
							"type": "Expression"
						},
						"Target_Folder": "/in/to_smart/isa",
						"Actual_File_Name": {
							"value": "@concat('DEEP_135_Web_Reg_Completion_DM_',concat(formatDateTime(convertTimeZone(utcnow(), 'UTC', 'Central Standard Time'), 'yyyy'),'-', formatDateTime(convertTimeZone(utcnow(), 'UTC', 'Central Standard Time'),'MM'),'-',formatDateTime(convertTimeZone(utcnow(), 'UTC', 'Central Standard Time'),'dd')),'.dat')",
							"type": "Expression"
						}
					}
				}
			},
			{
				"name": "File Movement to ECG_copy2",
				"type": "ExecutePipeline",
				"dependsOn": [
					{
						"activity": "File Movement to ECG_copy1",
						"dependencyConditions": [
							"Succeeded"
						]
					}
				],
				"policy": {
					"secureInput": false
				},
				"userProperties": [],
				"typeProperties": {
					"pipeline": {
						"referenceName": "ecg_files_transfer",
						"type": "PipelineReference"
					},
					"waitOnCompletion": true,
					"parameters": {
						"p_folder_name": {
							"value": "@concat(pipeline().globalParameters.par_env,'/analytics/outbox/rto_models/ecg_transfer/')",
							"type": "Expression"
						},
						"p_file_name": {
							"value": "@concat('DEEP_136_Web_Reg_Completion_EM_',concat(formatDateTime(convertTimeZone(utcnow(), 'UTC', 'Central Standard Time'), 'yyyy'),'-', formatDateTime(convertTimeZone(utcnow(), 'UTC', 'Central Standard Time'),'MM'),'-',formatDateTime(convertTimeZone(utcnow(), 'UTC', 'Central Standard Time'),'dd')),'.dat')",
							"type": "Expression"
						},
						"P_hotstore_endpoint": {
							"value": "@pipeline().globalParameters.par_blob_hotstore_endpoint",
							"type": "Expression"
						},
						"Target_Folder": "/in/to_smart/isa",
						"Actual_File_Name": {
							"value": "@concat('DEEP_136_Web_Reg_Completion_EM_',concat(formatDateTime(convertTimeZone(utcnow(), 'UTC', 'Central Standard Time'), 'yyyy'),'-', formatDateTime(convertTimeZone(utcnow(), 'UTC', 'Central Standard Time'),'MM'),'-',formatDateTime(convertTimeZone(utcnow(), 'UTC', 'Central Standard Time'),'dd')),'.dat')",
							"type": "Expression"
						}
					}
				}
			},
			{
				"name": "File Movement to ECG_copy3",
				"type": "ExecutePipeline",
				"dependsOn": [
					{
						"activity": "File Movement to ECG_copy4_copy1",
						"dependencyConditions": [
							"Succeeded"
						]
					}
				],
				"policy": {
					"secureInput": false
				},
				"userProperties": [],
				"typeProperties": {
					"pipeline": {
						"referenceName": "ecg_files_transfer",
						"type": "PipelineReference"
					},
					"waitOnCompletion": true,
					"parameters": {
						"p_folder_name": {
							"value": "@concat(pipeline().globalParameters.par_env,'/analytics/outbox/rto_models/ecg_transfer/')",
							"type": "Expression"
						},
						"p_file_name": {
							"value": "@concat('DEEP_133_Priv_Auth_Completion_IB_Call_',concat(formatDateTime(convertTimeZone(utcnow(), 'UTC', 'Central Standard Time'), 'yyyy'),'-', formatDateTime(convertTimeZone(utcnow(), 'UTC', 'Central Standard Time'),'MM'),'-',formatDateTime(convertTimeZone(utcnow(), 'UTC', 'Central Standard Time'),'dd')),'.dat')",
							"type": "Expression"
						},
						"P_hotstore_endpoint": {
							"value": "@pipeline().globalParameters.par_blob_hotstore_endpoint",
							"type": "Expression"
						},
						"Target_Folder": "/in/to_smart/isa",
						"Actual_File_Name": {
							"value": "@concat('DEEP_133_Priv_Auth_Completion_IB_Call_',concat(formatDateTime(convertTimeZone(utcnow(), 'UTC', 'Central Standard Time'), 'yyyy'),'-', formatDateTime(convertTimeZone(utcnow(), 'UTC', 'Central Standard Time'),'MM'),'-',formatDateTime(convertTimeZone(utcnow(), 'UTC', 'Central Standard Time'),'dd')),'.dat')",
							"type": "Expression"
						}
					}
				}
			},
			{
				"name": "File Movement to ECG_copy4",
				"type": "ExecutePipeline",
				"dependsOn": [
					{
						"activity": "File Movement to ECG",
						"dependencyConditions": [
							"Succeeded"
						]
					}
				],
				"policy": {
					"secureInput": false
				},
				"userProperties": [],
				"typeProperties": {
					"pipeline": {
						"referenceName": "ecg_files_transfer",
						"type": "PipelineReference"
					},
					"waitOnCompletion": true,
					"parameters": {
						"p_folder_name": {
							"value": "@concat(pipeline().globalParameters.par_env,'/analytics/outbox/rto_models/ecg_transfer/')",
							"type": "Expression"
						},
						"p_file_name": {
							"value": "@concat('DEEP_130_Likely_Promoter_Model_',concat(formatDateTime(convertTimeZone(utcnow(), 'UTC', 'Central Standard Time'), 'yyyy'),'-', formatDateTime(convertTimeZone(utcnow(), 'UTC', 'Central Standard Time'),'MM'),'-',formatDateTime(convertTimeZone(utcnow(), 'UTC', 'Central Standard Time'),'dd')),'.dat')",
							"type": "Expression"
						},
						"P_hotstore_endpoint": {
							"value": "@pipeline().globalParameters.par_blob_hotstore_endpoint",
							"type": "Expression"
						},
						"Target_Folder": "/in/to_smart/isa",
						"Actual_File_Name": {
							"value": "@concat('DEEP_130_Likely_Promoter_Model_',concat(formatDateTime(convertTimeZone(utcnow(), 'UTC', 'Central Standard Time'), 'yyyy'),'-', formatDateTime(convertTimeZone(utcnow(), 'UTC', 'Central Standard Time'),'MM'),'-',formatDateTime(convertTimeZone(utcnow(), 'UTC', 'Central Standard Time'),'dd')),'.dat')",
							"type": "Expression"
						}
					}
				}
			},
			{
				"name": "File Movement to ECG_copy5",
				"type": "ExecutePipeline",
				"dependsOn": [
					{
						"activity": "File Movement to ECG_copy4",
						"dependencyConditions": [
							"Succeeded"
						]
					}
				],
				"policy": {
					"secureInput": false
				},
				"userProperties": [],
				"typeProperties": {
					"pipeline": {
						"referenceName": "ecg_files_transfer",
						"type": "PipelineReference"
					},
					"waitOnCompletion": true,
					"parameters": {
						"p_folder_name": {
							"value": "@concat(pipeline().globalParameters.par_env,'/analytics/outbox/rto_models/ecg_transfer/')",
							"type": "Expression"
						},
						"p_file_name": {
							"value": "@concat('DEEP_131_Likely_Passive_Model_',concat(formatDateTime(convertTimeZone(utcnow(), 'UTC', 'Central Standard Time'), 'yyyy'),'-', formatDateTime(convertTimeZone(utcnow(), 'UTC', 'Central Standard Time'),'MM'),'-',formatDateTime(convertTimeZone(utcnow(), 'UTC', 'Central Standard Time'),'dd')),'.dat')",
							"type": "Expression"
						},
						"P_hotstore_endpoint": {
							"value": "@pipeline().globalParameters.par_blob_hotstore_endpoint",
							"type": "Expression"
						},
						"Target_Folder": "/in/to_smart/isa",
						"Actual_File_Name": {
							"value": "@concat('DEEP_131_Likely_Passive_Model_',concat(formatDateTime(convertTimeZone(utcnow(), 'UTC', 'Central Standard Time'), 'yyyy'),'-', formatDateTime(convertTimeZone(utcnow(), 'UTC', 'Central Standard Time'),'MM'),'-',formatDateTime(convertTimeZone(utcnow(), 'UTC', 'Central Standard Time'),'dd')),'.dat')",
							"type": "Expression"
						}
					}
				}
			},
			{
				"name": "File Movement to ECG_copy2_copy1",
				"type": "ExecutePipeline",
				"dependsOn": [
					{
						"activity": "File Movement to ECG_copy3",
						"dependencyConditions": [
							"Succeeded"
						]
					}
				],
				"policy": {
					"secureInput": false
				},
				"userProperties": [],
				"typeProperties": {
					"pipeline": {
						"referenceName": "ecg_files_transfer",
						"type": "PipelineReference"
					},
					"waitOnCompletion": true,
					"parameters": {
						"p_folder_name": {
							"value": "@concat(pipeline().globalParameters.par_env,'/analytics/outbox/rto_models/ecg_transfer/')",
							"type": "Expression"
						},
						"p_file_name": {
							"value": "@concat('DEEP_134_MS_Recurring_EFT_',concat(formatDateTime(convertTimeZone(utcnow(), 'UTC', 'Central Standard Time'), 'yyyy'),'-', formatDateTime(convertTimeZone(utcnow(), 'UTC', 'Central Standard Time'),'MM'),'-',formatDateTime(convertTimeZone(utcnow(), 'UTC', 'Central Standard Time'),'dd')),'.dat')",
							"type": "Expression"
						},
						"P_hotstore_endpoint": {
							"value": "@pipeline().globalParameters.par_blob_hotstore_endpoint",
							"type": "Expression"
						},
						"Target_Folder": "/in/to_smart/isa",
						"Actual_File_Name": {
							"value": "@concat('DEEP_134_MS_Recurring_EFT_',concat(formatDateTime(convertTimeZone(utcnow(), 'UTC', 'Central Standard Time'), 'yyyy'),'-', formatDateTime(convertTimeZone(utcnow(), 'UTC', 'Central Standard Time'),'MM'),'-',formatDateTime(convertTimeZone(utcnow(), 'UTC', 'Central Standard Time'),'dd')),'.dat')",
							"type": "Expression"
						}
					}
				}
			},
			{
				"name": "File Movement to ECG_copy3_copy1",
				"type": "ExecutePipeline",
				"dependsOn": [
					{
						"activity": "File Movement to ECG_copy2",
						"dependencyConditions": [
							"Succeeded"
						]
					}
				],
				"policy": {
					"secureInput": false
				},
				"userProperties": [],
				"typeProperties": {
					"pipeline": {
						"referenceName": "ecg_files_transfer",
						"type": "PipelineReference"
					},
					"waitOnCompletion": true,
					"parameters": {
						"p_folder_name": {
							"value": "@concat(pipeline().globalParameters.par_env,'/analytics/outbox/rto_models/ecg_transfer/')",
							"type": "Expression"
						},
						"p_file_name": {
							"value": "@concat('DEEP_137_Web_Reg_Completion_IB_Call_',concat(formatDateTime(convertTimeZone(utcnow(), 'UTC', 'Central Standard Time'), 'yyyy'),'-', formatDateTime(convertTimeZone(utcnow(), 'UTC', 'Central Standard Time'),'MM'),'-',formatDateTime(convertTimeZone(utcnow(), 'UTC', 'Central Standard Time'),'dd')),'.dat')",
							"type": "Expression"
						},
						"P_hotstore_endpoint": {
							"value": "@pipeline().globalParameters.par_blob_hotstore_endpoint",
							"type": "Expression"
						},
						"Target_Folder": "/in/to_smart/isa",
						"Actual_File_Name": {
							"value": "@concat('DEEP_137_Web_Reg_Completion_IB_Call_',concat(formatDateTime(convertTimeZone(utcnow(), 'UTC', 'Central Standard Time'), 'yyyy'),'-', formatDateTime(convertTimeZone(utcnow(), 'UTC', 'Central Standard Time'),'MM'),'-',formatDateTime(convertTimeZone(utcnow(), 'UTC', 'Central Standard Time'),'dd')),'.dat')",
							"type": "Expression"
						}
					}
				}
			},
			{
				"name": "File Movement to ECG_copy4_copy1",
				"type": "ExecutePipeline",
				"dependsOn": [
					{
						"activity": "File Movement to ECG_copy5",
						"dependencyConditions": [
							"Succeeded"
						]
					}
				],
				"policy": {
					"secureInput": false
				},
				"userProperties": [],
				"typeProperties": {
					"pipeline": {
						"referenceName": "ecg_files_transfer",
						"type": "PipelineReference"
					},
					"waitOnCompletion": true,
					"parameters": {
						"p_folder_name": {
							"value": "@concat(pipeline().globalParameters.par_env,'/analytics/outbox/rto_models/ecg_transfer/')",
							"type": "Expression"
						},
						"p_file_name": {
							"value": "@concat('DEEP_132_Priv_Auth_Completion_DM_',concat(formatDateTime(convertTimeZone(utcnow(), 'UTC', 'Central Standard Time'), 'yyyy'),'-', formatDateTime(convertTimeZone(utcnow(), 'UTC', 'Central Standard Time'),'MM'),'-',formatDateTime(convertTimeZone(utcnow(), 'UTC', 'Central Standard Time'),'dd')),'.dat')",
							"type": "Expression"
						},
						"P_hotstore_endpoint": {
							"value": "@pipeline().globalParameters.par_blob_hotstore_endpoint",
							"type": "Expression"
						},
						"Target_Folder": "/in/to_smart/isa",
						"Actual_File_Name": {
							"value": "@concat('DEEP_132_Priv_Auth_Completion_DM_',concat(formatDateTime(convertTimeZone(utcnow(), 'UTC', 'Central Standard Time'), 'yyyy'),'-', formatDateTime(convertTimeZone(utcnow(), 'UTC', 'Central Standard Time'),'MM'),'-',formatDateTime(convertTimeZone(utcnow(), 'UTC', 'Central Standard Time'),'dd')),'.dat')",
							"type": "Expression"
						}
					}
				}
			}
		],
		"parameters": {
			"p_application": {
				"type": "string",
				"defaultValue": "DEEP"
			},
			"p_object_name": {
				"type": "string",
				"defaultValue": "RTO_MODLES"
			},
			"p_util_schema": {
				"type": "string",
				"defaultValue": "UTIL"
			},
			"p_email_recipient": {
				"type": "string",
				"defaultValue": "ism_deep_de@ds.uhc.com"
			}
		},
		"variables": {
			"Completed": {
				"type": "String"
			},
			"start_time": {
				"type": "String"
			},
			"end_time": {
				"type": "String"
			}
		},
		"folder": {
			"name": "Analytics/Workflows"
		},
		"annotations": []
	}
}