{
	"name": "wf_UFM_SCORING_MONTHLY_04_PARALLEL",
	"properties": {
		"activities": [
			{
				"name": "DM_EM_PREFERENCE",
				"type": "ExecutePipeline",
				"dependsOn": [],
				"policy": {
					"secureInput": false
				},
				"userProperties": [],
				"typeProperties": {
					"pipeline": {
						"referenceName": "wf_UFM_SCORING_MONTHLY_04_DM_EM_PREFERENCE",
						"type": "PipelineReference"
					},
					"waitOnCompletion": true,
					"parameters": {
						"p_application": {
							"value": "@pipeline().parameters.p_application",
							"type": "Expression"
						},
						"p_object_name": {
							"value": "@pipeline().parameters.p_object_name",
							"type": "Expression"
						},
						"p_email_recipient": {
							"value": "@pipeline().parameters.p_email_recipient",
							"type": "Expression"
						},
						"p_util_schema": {
							"value": "@pipeline().parameters.p_util_schema",
							"type": "Expression"
						}
					}
				}
			},
			{
				"name": "plt_email_notify_1",
				"type": "ExecutePipeline",
				"dependsOn": [
					{
						"activity": "DM_EM_PREFERENCE",
						"dependencyConditions": [
							"Failed"
						]
					}
				],
				"policy": {
					"secureInput": false
				},
				"userProperties": [],
				"typeProperties": {
					"pipeline": {
						"referenceName": "plt_email_notify",
						"type": "PipelineReference"
					},
					"waitOnCompletion": true,
					"parameters": {
						"EmailSender": {
							"value": "@pipeline().globalParameters.par_email_sender",
							"type": "Expression"
						},
						"EmailRecipient": {
							"value": "@pipeline().parameters.p_email_recipient",
							"type": "Expression"
						},
						"EmailSubject": {
							"value": "@concat('ISDC ', toUpper(pipeline().globalParameters.par_env),' - ',  pipeline().Pipeline, ' Failed')",
							"type": "Expression"
						},
						"EmailContentHTML": {
							"value": "@concat('PipelineName: ', pipeline().Pipeline, \n'<br>', activity('DM_EM_PREFERENCE').error?.message)",
							"type": "Expression"
						}
					}
				}
			},
			{
				"name": "ONLINE_ENROLLMENT",
				"type": "ExecutePipeline",
				"dependsOn": [],
				"policy": {
					"secureInput": false
				},
				"userProperties": [],
				"typeProperties": {
					"pipeline": {
						"referenceName": "wf_UFM_SCORING_MONTHLY_04_ONLINE_ENROLLMENT",
						"type": "PipelineReference"
					},
					"waitOnCompletion": true,
					"parameters": {
						"p_application": {
							"value": "@pipeline().parameters.p_application",
							"type": "Expression"
						},
						"p_object_name": {
							"value": "@pipeline().parameters.p_object_name",
							"type": "Expression"
						},
						"p_email_recipient": {
							"value": "@pipeline().parameters.p_email_recipient",
							"type": "Expression"
						},
						"p_util_schema": {
							"value": "@pipeline().parameters.p_util_schema",
							"type": "Expression"
						}
					}
				}
			},
			{
				"name": "plt_email_notify_2",
				"type": "ExecutePipeline",
				"dependsOn": [
					{
						"activity": "ONLINE_ENROLLMENT",
						"dependencyConditions": [
							"Failed"
						]
					}
				],
				"policy": {
					"secureInput": false
				},
				"userProperties": [],
				"typeProperties": {
					"pipeline": {
						"referenceName": "plt_email_notify",
						"type": "PipelineReference"
					},
					"waitOnCompletion": true,
					"parameters": {
						"EmailSender": {
							"value": "@pipeline().globalParameters.par_email_sender",
							"type": "Expression"
						},
						"EmailRecipient": {
							"value": "@pipeline().parameters.p_email_recipient",
							"type": "Expression"
						},
						"EmailSubject": {
							"value": "@concat('ISDC ', toUpper(pipeline().globalParameters.par_env),' - ',  pipeline().Pipeline, ' Failed')",
							"type": "Expression"
						},
						"EmailContentHTML": {
							"value": "@concat('PipelineName: ', pipeline().Pipeline, \n'<br>', activity('ONLINE_ENROLLMENT').error?.message)",
							"type": "Expression"
						}
					}
				}
			}
		],
		"parameters": {
			"p_application": {
				"type": "string",
				"defaultValue": "DEEP"
			},
			"p_object_name": {
				"type": "string",
				"defaultValue": "MONTHLY_04"
			},
			"p_email_recipient": {
				"type": "string",
				"defaultValue": "isdc_nonprod@ds.uhc.com"
			},
			"p_util_schema": {
				"type": "string",
				"defaultValue": "UTIL"
			}
		},
		"variables": {
			"Completed": {
				"type": "String"
			},
			"start_time": {
				"type": "String"
			},
			"end_time": {
				"type": "String"
			}
		},
		"folder": {
			"name": "Analytics/Workflows/UFM"
		},
		"annotations": []
	}
}