{
	"name": "wf_UFM_FEATURE_GEN",
	"properties": {
		"activities": [
			{
				"name": "process is started",
				"type": "SetVariable",
				"dependsOn": [],
				"policy": {
					"secureOutput": false,
					"secureInput": false
				},
				"userProperties": [],
				"typeProperties": {
					"variableName": "start_time",
					"value": {
						"value": "@formatDateTime(utcNow(),'yyyy-MM-ddTHH:mm:ss')",
						"type": "Expression"
					}
				}
			},
			{
				"name": "step1",
				"type": "ExecutePipeline",
				"dependsOn": [
					{
						"activity": "process is started",
						"dependencyConditions": [
							"Succeeded"
						]
					}
				],
				"policy": {
					"secureInput": false
				},
				"userProperties": [],
				"typeProperties": {
					"pipeline": {
						"referenceName": "wf_UFM_BASE_POPULATION",
						"type": "PipelineReference"
					},
					"waitOnCompletion": true,
					"parameters": {
						"p_application": {
							"value": "@pipeline().parameters.p_application",
							"type": "Expression"
						},
						"p_object_name": {
							"value": "@pipeline().parameters.p_object_name",
							"type": "Expression"
						},
						"p_email_recipient": {
							"value": "@pipeline().parameters.p_email_recipient",
							"type": "Expression"
						},
						"p_util_schema": {
							"value": "@pipeline().parameters.p_util_schema",
							"type": "Expression"
						}
					}
				}
			},
			{
				"name": "end process",
				"type": "SetVariable",
				"dependsOn": [
					{
						"activity": "wf_UFM_FEATUREMART_HISTORICAL_TABLE",
						"dependencyConditions": [
							"Succeeded"
						]
					}
				],
				"policy": {
					"secureOutput": false,
					"secureInput": false
				},
				"userProperties": [],
				"typeProperties": {
					"variableName": "end_time",
					"value": {
						"value": "@formatDateTime(utcNow(),'yyyy-MM-ddTHH:mm:ss')",
						"type": "Expression"
					}
				}
			},
			{
				"name": "plt_email_notify_1",
				"type": "ExecutePipeline",
				"dependsOn": [
					{
						"activity": "step1",
						"dependencyConditions": [
							"Failed"
						]
					}
				],
				"policy": {
					"secureInput": false
				},
				"userProperties": [],
				"typeProperties": {
					"pipeline": {
						"referenceName": "plt_email_notify",
						"type": "PipelineReference"
					},
					"waitOnCompletion": true,
					"parameters": {
						"EmailSender": {
							"value": "@pipeline().globalParameters.par_email_sender",
							"type": "Expression"
						},
						"EmailRecipient": {
							"value": "@pipeline().parameters.p_email_recipient",
							"type": "Expression"
						},
						"EmailSubject": {
							"value": "@concat('ISDC ', toUpper(pipeline().globalParameters.par_env),' - ',  pipeline().Pipeline, ' Failed')",
							"type": "Expression"
						},
						"EmailContentHTML": {
							"value": "@concat('PipelineName: ', pipeline().Pipeline, \n'<br>', activity('step1').error?.message)",
							"type": "Expression"
						}
					}
				}
			},
			{
				"name": "plt_email_success",
				"type": "ExecutePipeline",
				"dependsOn": [
					{
						"activity": "end process",
						"dependencyConditions": [
							"Succeeded"
						]
					}
				],
				"policy": {
					"secureInput": false
				},
				"userProperties": [],
				"typeProperties": {
					"pipeline": {
						"referenceName": "plt_email_success",
						"type": "PipelineReference"
					},
					"waitOnCompletion": true,
					"parameters": {
						"EmailSender": {
							"value": "@pipeline().globalParameters.par_email_sender",
							"type": "Expression"
						},
						"EmailRecipient": {
							"value": "[{\"emailAddress\":{\"address\":\"ism_deep_de@ds.uhc.com\"}}]",
							"type": "Expression"
						},
						"EmailSubject": {
							"value": "@concat('ISDC ', toUpper(pipeline().globalParameters.par_env),' - ',  pipeline().Pipeline, '  Success')",
							"type": "Expression"
						},
						"EmailContentHTML": {
							"value": "@concat('The    ',pipeline().parameters.p_application, '  ETL has completed successfully.','</br>','   ',\n\n'</br>','Environment : ', pipeline().DataFactory,'</br>','  ',\n\n'</br>','WorkFlow : ', pipeline().Pipeline,'</br>','  ',\n'</br>','Started At :',variables('start_time'),'</br>','  ',\n\n'</br>','Completed At :',variables('end_time'),'</br>','  ',\n\n'</br>',' Please check ETL_BATCH_OBJECT_CONTROL_ANALYTICS & ETL_BATCH_OBJECT_CONTROL_LOG_ANALYTICS tables for more details.','</br>','  ','</br>','This is an automatically generated message. Please Do not reply.','</br>','  ','</br>','Contact ISDC Support for any further information.','</br>','  ','</br>','******************************************************')",
							"type": "Expression"
						}
					}
				}
			},
			{
				"name": "plt_email_notify_9",
				"type": "ExecutePipeline",
				"dependsOn": [
					{
						"activity": "plt_email_success",
						"dependencyConditions": [
							"Failed"
						]
					}
				],
				"policy": {
					"secureInput": false
				},
				"userProperties": [],
				"typeProperties": {
					"pipeline": {
						"referenceName": "plt_email_notify",
						"type": "PipelineReference"
					},
					"waitOnCompletion": true,
					"parameters": {
						"EmailSender": {
							"value": "@pipeline().globalParameters.par_email_sender",
							"type": "Expression"
						},
						"EmailRecipient": {
							"value": "@pipeline().parameters.p_email_recipient",
							"type": "Expression"
						},
						"EmailSubject": {
							"value": "@concat('ISDC ', toUpper(pipeline().globalParameters.par_env),' - ',  pipeline().Pipeline, ' Failed')",
							"type": "Expression"
						},
						"EmailContentHTML": {
							"value": "@concat('PipelineName: ', pipeline().Pipeline, \n'<br>', activity('plt_email_success').error?.message)",
							"type": "Expression"
						}
					}
				}
			},
			{
				"name": "step2",
				"type": "ExecutePipeline",
				"dependsOn": [
					{
						"activity": "step1",
						"dependencyConditions": [
							"Succeeded"
						]
					}
				],
				"policy": {
					"secureInput": false
				},
				"userProperties": [],
				"typeProperties": {
					"pipeline": {
						"referenceName": "wf_UFM_ITER1",
						"type": "PipelineReference"
					},
					"waitOnCompletion": true,
					"parameters": {
						"p_application": {
							"value": "@pipeline().parameters.p_application",
							"type": "Expression"
						},
						"p_object_name": {
							"value": "@pipeline().parameters.p_object_name",
							"type": "Expression"
						},
						"p_email_recipient": {
							"value": "@pipeline().parameters.p_email_recipient",
							"type": "Expression"
						},
						"p_util_schema": {
							"value": "@pipeline().parameters.p_util_schema",
							"type": "Expression"
						}
					}
				}
			},
			{
				"name": "step3",
				"type": "ExecutePipeline",
				"dependsOn": [
					{
						"activity": "step2",
						"dependencyConditions": [
							"Succeeded"
						]
					}
				],
				"policy": {
					"secureInput": false
				},
				"userProperties": [],
				"typeProperties": {
					"pipeline": {
						"referenceName": "wf_UFM_ITER2",
						"type": "PipelineReference"
					},
					"waitOnCompletion": true,
					"parameters": {
						"p_application": {
							"value": "@pipeline().parameters.p_application",
							"type": "Expression"
						},
						"p_object_name": {
							"value": "@pipeline().parameters.p_object_name",
							"type": "Expression"
						},
						"p_email_recipient": {
							"value": "@pipeline().parameters.p_email_recipient",
							"type": "Expression"
						},
						"p_util_schema": {
							"value": "@pipeline().parameters.p_util_schema",
							"type": "Expression"
						}
					}
				}
			},
			{
				"name": "step4",
				"type": "ExecutePipeline",
				"dependsOn": [
					{
						"activity": "step3",
						"dependencyConditions": [
							"Succeeded"
						]
					}
				],
				"policy": {
					"secureInput": false
				},
				"userProperties": [],
				"typeProperties": {
					"pipeline": {
						"referenceName": "wf_UFM_ITER3",
						"type": "PipelineReference"
					},
					"waitOnCompletion": true,
					"parameters": {
						"p_application": {
							"value": "@pipeline().parameters.p_application",
							"type": "Expression"
						},
						"p_object_name": {
							"value": "@pipeline().parameters.p_object_name",
							"type": "Expression"
						},
						"p_email_recipient": {
							"value": "@pipeline().parameters.p_email_recipient",
							"type": "Expression"
						},
						"p_util_schema": {
							"value": "@pipeline().parameters.p_util_schema",
							"type": "Expression"
						}
					}
				}
			},
			{
				"name": "step5",
				"type": "ExecutePipeline",
				"dependsOn": [
					{
						"activity": "step4",
						"dependencyConditions": [
							"Succeeded"
						]
					}
				],
				"policy": {
					"secureInput": false
				},
				"userProperties": [],
				"typeProperties": {
					"pipeline": {
						"referenceName": "wf_UFM_ITER4",
						"type": "PipelineReference"
					},
					"waitOnCompletion": true,
					"parameters": {
						"p_application": {
							"value": "@pipeline().parameters.p_application",
							"type": "Expression"
						},
						"p_object_name": {
							"value": "@pipeline().parameters.p_object_name",
							"type": "Expression"
						},
						"p_email_recipient": {
							"value": "@pipeline().parameters.p_email_recipient",
							"type": "Expression"
						},
						"p_util_schema": {
							"value": "@pipeline().parameters.p_util_schema",
							"type": "Expression"
						}
					}
				}
			},
			{
				"name": "step6",
				"type": "ExecutePipeline",
				"dependsOn": [
					{
						"activity": "step5",
						"dependencyConditions": [
							"Succeeded"
						]
					}
				],
				"policy": {
					"secureInput": false
				},
				"userProperties": [],
				"typeProperties": {
					"pipeline": {
						"referenceName": "wf_UFM_ITER5",
						"type": "PipelineReference"
					},
					"waitOnCompletion": true,
					"parameters": {
						"p_application": {
							"value": "@pipeline().parameters.p_application",
							"type": "Expression"
						},
						"p_object_name": {
							"value": "@pipeline().parameters.p_object_name",
							"type": "Expression"
						},
						"p_email_recipient": {
							"value": "@pipeline().parameters.p_email_recipient",
							"type": "Expression"
						},
						"p_util_schema": {
							"value": "@pipeline().parameters.p_util_schema",
							"type": "Expression"
						}
					}
				}
			},
			{
				"name": "plt_email_notify_2",
				"type": "ExecutePipeline",
				"dependsOn": [
					{
						"activity": "step2",
						"dependencyConditions": [
							"Failed"
						]
					}
				],
				"policy": {
					"secureInput": false
				},
				"userProperties": [],
				"typeProperties": {
					"pipeline": {
						"referenceName": "plt_email_notify",
						"type": "PipelineReference"
					},
					"waitOnCompletion": true,
					"parameters": {
						"EmailSender": {
							"value": "@pipeline().globalParameters.par_email_sender",
							"type": "Expression"
						},
						"EmailRecipient": {
							"value": "@pipeline().parameters.p_email_recipient",
							"type": "Expression"
						},
						"EmailSubject": {
							"value": "@concat('ISDC ', toUpper(pipeline().globalParameters.par_env),' - ',  pipeline().Pipeline, ' Failed')",
							"type": "Expression"
						},
						"EmailContentHTML": {
							"value": "@concat('PipelineName: ', pipeline().Pipeline, \n'<br>', activity('step2').error?.message)",
							"type": "Expression"
						}
					}
				}
			},
			{
				"name": "plt_email_notify_3",
				"type": "ExecutePipeline",
				"dependsOn": [
					{
						"activity": "step3",
						"dependencyConditions": [
							"Failed"
						]
					}
				],
				"policy": {
					"secureInput": false
				},
				"userProperties": [],
				"typeProperties": {
					"pipeline": {
						"referenceName": "plt_email_notify",
						"type": "PipelineReference"
					},
					"waitOnCompletion": true,
					"parameters": {
						"EmailSender": {
							"value": "@pipeline().globalParameters.par_email_sender",
							"type": "Expression"
						},
						"EmailRecipient": {
							"value": "@pipeline().parameters.p_email_recipient",
							"type": "Expression"
						},
						"EmailSubject": {
							"value": "@concat('ISDC ', toUpper(pipeline().globalParameters.par_env),' - ',  pipeline().Pipeline, ' Failed')",
							"type": "Expression"
						},
						"EmailContentHTML": {
							"value": "@concat('PipelineName: ', pipeline().Pipeline, \n'<br>', activity('step3').error?.message)",
							"type": "Expression"
						}
					}
				}
			},
			{
				"name": "plt_email_notify_4",
				"type": "ExecutePipeline",
				"dependsOn": [
					{
						"activity": "step4",
						"dependencyConditions": [
							"Failed"
						]
					}
				],
				"policy": {
					"secureInput": false
				},
				"userProperties": [],
				"typeProperties": {
					"pipeline": {
						"referenceName": "plt_email_notify",
						"type": "PipelineReference"
					},
					"waitOnCompletion": true,
					"parameters": {
						"EmailSender": {
							"value": "@pipeline().globalParameters.par_email_sender",
							"type": "Expression"
						},
						"EmailRecipient": {
							"value": "@pipeline().parameters.p_email_recipient",
							"type": "Expression"
						},
						"EmailSubject": {
							"value": "@concat('ISDC ', toUpper(pipeline().globalParameters.par_env),' - ',  pipeline().Pipeline, ' Failed')",
							"type": "Expression"
						},
						"EmailContentHTML": {
							"value": "@concat('PipelineName: ', pipeline().Pipeline, \n'<br>', activity('step4').error?.message)",
							"type": "Expression"
						}
					}
				}
			},
			{
				"name": "plt_email_notify_5",
				"type": "ExecutePipeline",
				"dependsOn": [
					{
						"activity": "step5",
						"dependencyConditions": [
							"Failed"
						]
					}
				],
				"policy": {
					"secureInput": false
				},
				"userProperties": [],
				"typeProperties": {
					"pipeline": {
						"referenceName": "plt_email_notify",
						"type": "PipelineReference"
					},
					"waitOnCompletion": true,
					"parameters": {
						"EmailSender": {
							"value": "@pipeline().globalParameters.par_email_sender",
							"type": "Expression"
						},
						"EmailRecipient": {
							"value": "@pipeline().parameters.p_email_recipient",
							"type": "Expression"
						},
						"EmailSubject": {
							"value": "@concat('ISDC ', toUpper(pipeline().globalParameters.par_env),' - ',  pipeline().Pipeline, ' Failed')",
							"type": "Expression"
						},
						"EmailContentHTML": {
							"value": "@concat('PipelineName: ', pipeline().Pipeline, \n'<br>', activity('step5').error?.message)",
							"type": "Expression"
						}
					}
				}
			},
			{
				"name": "plt_email_notify_6",
				"type": "ExecutePipeline",
				"dependsOn": [
					{
						"activity": "step6",
						"dependencyConditions": [
							"Failed"
						]
					}
				],
				"policy": {
					"secureInput": false
				},
				"userProperties": [],
				"typeProperties": {
					"pipeline": {
						"referenceName": "plt_email_notify",
						"type": "PipelineReference"
					},
					"waitOnCompletion": true,
					"parameters": {
						"EmailSender": {
							"value": "@pipeline().globalParameters.par_email_sender",
							"type": "Expression"
						},
						"EmailRecipient": {
							"value": "@pipeline().parameters.p_email_recipient",
							"type": "Expression"
						},
						"EmailSubject": {
							"value": "@concat('ISDC ', toUpper(pipeline().globalParameters.par_env),' - ',  pipeline().Pipeline, ' Failed')",
							"type": "Expression"
						},
						"EmailContentHTML": {
							"value": "@concat('PipelineName: ', pipeline().Pipeline, \n'<br>', activity('step6').error?.message)",
							"type": "Expression"
						}
					}
				}
			},
			{
				"name": "FINAL_TABLE_MERGE",
				"type": "ExecutePipeline",
				"dependsOn": [
					{
						"activity": "step6",
						"dependencyConditions": [
							"Succeeded"
						]
					}
				],
				"policy": {
					"secureInput": false
				},
				"userProperties": [],
				"typeProperties": {
					"pipeline": {
						"referenceName": "wf_UFM_FINAL_TABLE_MERGE",
						"type": "PipelineReference"
					},
					"waitOnCompletion": true,
					"parameters": {
						"p_application": {
							"value": "@pipeline().parameters.p_application",
							"type": "Expression"
						},
						"p_object_name": {
							"value": "@pipeline().parameters.p_object_name",
							"type": "Expression"
						},
						"p_email_recipient": {
							"value": "@pipeline().parameters.p_email_recipient",
							"type": "Expression"
						},
						"p_util_schema": {
							"value": "@pipeline().parameters.p_util_schema",
							"type": "Expression"
						}
					}
				}
			},
			{
				"name": "plt_email_notify_7",
				"type": "ExecutePipeline",
				"dependsOn": [
					{
						"activity": "FINAL_TABLE_MERGE",
						"dependencyConditions": [
							"Failed"
						]
					}
				],
				"policy": {
					"secureInput": false
				},
				"userProperties": [],
				"typeProperties": {
					"pipeline": {
						"referenceName": "plt_email_notify",
						"type": "PipelineReference"
					},
					"waitOnCompletion": true,
					"parameters": {
						"EmailSender": {
							"value": "@pipeline().globalParameters.par_email_sender",
							"type": "Expression"
						},
						"EmailRecipient": {
							"value": "@pipeline().parameters.p_email_recipient",
							"type": "Expression"
						},
						"EmailSubject": {
							"value": "@concat('ISDC ', toUpper(pipeline().globalParameters.par_env),' - ',  pipeline().Pipeline, ' Failed')",
							"type": "Expression"
						},
						"EmailContentHTML": {
							"value": "@concat('PipelineName: ', pipeline().Pipeline, \n'<br>', activity('FINAL_TABLE_MERGE').error?.message)",
							"type": "Expression"
						}
					}
				}
			},
			{
				"name": "variable_mapping",
				"type": "ExecutePipeline",
				"dependsOn": [
					{
						"activity": "FINAL_TABLE_MERGE",
						"dependencyConditions": [
							"Succeeded"
						]
					}
				],
				"policy": {
					"secureInput": false
				},
				"userProperties": [],
				"typeProperties": {
					"pipeline": {
						"referenceName": "wf_UFM_VARIABLE_MAPPING",
						"type": "PipelineReference"
					},
					"waitOnCompletion": true,
					"parameters": {
						"p_application": {
							"value": "@pipeline().parameters.p_application",
							"type": "Expression"
						},
						"p_object_name": {
							"value": "@pipeline().parameters.p_object_name",
							"type": "Expression"
						},
						"p_email_recipient": {
							"value": "@pipeline().parameters.p_email_recipient",
							"type": "Expression"
						},
						"p_util_schema": {
							"value": "@pipeline().parameters.p_util_schema",
							"type": "Expression"
						}
					}
				}
			},
			{
				"name": "partition_delete",
				"type": "ExecutePipeline",
				"dependsOn": [
					{
						"activity": "variable_mapping",
						"dependencyConditions": [
							"Succeeded"
						]
					}
				],
				"policy": {
					"secureInput": false
				},
				"userProperties": [],
				"typeProperties": {
					"pipeline": {
						"referenceName": "wf_UFM_PARTITION_DELETE",
						"type": "PipelineReference"
					},
					"waitOnCompletion": true,
					"parameters": {
						"p_application": {
							"value": "@pipeline().parameters.p_application",
							"type": "Expression"
						},
						"p_object_name": {
							"value": "@pipeline().parameters.p_object_name",
							"type": "Expression"
						},
						"p_email_recipient": {
							"value": "@pipeline().parameters.p_email_recipient",
							"type": "Expression"
						},
						"p_util_schema": {
							"value": "@pipeline().parameters.p_util_schema",
							"type": "Expression"
						}
					}
				}
			},
			{
				"name": "plt_email_notify_8",
				"type": "ExecutePipeline",
				"dependsOn": [
					{
						"activity": "variable_mapping",
						"dependencyConditions": [
							"Failed"
						]
					}
				],
				"policy": {
					"secureInput": false
				},
				"userProperties": [],
				"typeProperties": {
					"pipeline": {
						"referenceName": "plt_email_notify",
						"type": "PipelineReference"
					},
					"waitOnCompletion": true,
					"parameters": {
						"EmailSender": {
							"value": "@pipeline().globalParameters.par_email_sender",
							"type": "Expression"
						},
						"EmailRecipient": {
							"value": "@pipeline().parameters.p_email_recipient",
							"type": "Expression"
						},
						"EmailSubject": {
							"value": "@concat('ISDC ', toUpper(pipeline().globalParameters.par_env),' - ',  pipeline().Pipeline, ' Failed')",
							"type": "Expression"
						},
						"EmailContentHTML": {
							"value": "@concat('PipelineName: ', pipeline().Pipeline, \n'<br>', activity('variable_mapping').error?.message)",
							"type": "Expression"
						}
					}
				}
			},
			{
				"name": "wf_UFM_FEATUREMART_HISTORICAL_TABLE",
				"type": "ExecutePipeline",
				"dependsOn": [
					{
						"activity": "partition_delete",
						"dependencyConditions": [
							"Succeeded"
						]
					}
				],
				"policy": {
					"secureInput": false
				},
				"userProperties": [],
				"typeProperties": {
					"pipeline": {
						"referenceName": "wf_UFM_FEATUREMART_HISTORICAL_TABLE",
						"type": "PipelineReference"
					},
					"waitOnCompletion": true,
					"parameters": {
						"p_application": {
							"value": "@pipeline().parameters.p_application",
							"type": "Expression"
						},
						"p_object_name": {
							"value": "@pipeline().parameters.p_object_name",
							"type": "Expression"
						},
						"p_email_recipient": {
							"value": "@pipeline().parameters.p_email_recipient",
							"type": "Expression"
						},
						"p_util_schema": {
							"value": "@pipeline().parameters.p_util_schema",
							"type": "Expression"
						}
					}
				}
			},
			{
				"name": "plt_email_notify_10",
				"type": "ExecutePipeline",
				"dependsOn": [
					{
						"activity": "partition_delete",
						"dependencyConditions": [
							"Failed"
						]
					}
				],
				"policy": {
					"secureInput": false
				},
				"userProperties": [],
				"typeProperties": {
					"pipeline": {
						"referenceName": "plt_email_notify",
						"type": "PipelineReference"
					},
					"waitOnCompletion": true,
					"parameters": {
						"EmailSender": {
							"value": "@pipeline().globalParameters.par_email_sender",
							"type": "Expression"
						},
						"EmailRecipient": {
							"value": "@pipeline().parameters.p_email_recipient",
							"type": "Expression"
						},
						"EmailSubject": {
							"value": "@concat('ISDC ', toUpper(pipeline().globalParameters.par_env),' - ',  pipeline().Pipeline, ' Failed')",
							"type": "Expression"
						},
						"EmailContentHTML": {
							"value": "@concat('PipelineName: ', pipeline().Pipeline, \n'<br>', activity('variable_mapping').error?.message)",
							"type": "Expression"
						}
					}
				}
			},
			{
				"name": "plt_email_notify_11",
				"type": "ExecutePipeline",
				"dependsOn": [
					{
						"activity": "wf_UFM_FEATUREMART_HISTORICAL_TABLE",
						"dependencyConditions": [
							"Failed"
						]
					}
				],
				"policy": {
					"secureInput": false
				},
				"userProperties": [],
				"typeProperties": {
					"pipeline": {
						"referenceName": "plt_email_notify",
						"type": "PipelineReference"
					},
					"waitOnCompletion": true,
					"parameters": {
						"EmailSender": {
							"value": "@pipeline().globalParameters.par_email_sender",
							"type": "Expression"
						},
						"EmailRecipient": {
							"value": "@pipeline().parameters.p_email_recipient",
							"type": "Expression"
						},
						"EmailSubject": {
							"value": "@concat('ISDC ', toUpper(pipeline().globalParameters.par_env),' - ',  pipeline().Pipeline, ' Failed')",
							"type": "Expression"
						},
						"EmailContentHTML": {
							"value": "@concat('PipelineName: ', pipeline().Pipeline, \n'<br>', activity('wf_UFM_FEATUREMART_HISTORICAL_TABLE').error?.message)",
							"type": "Expression"
						}
					}
				}
			},
			{
				"name": "SUNDAY_FILE_CHECK",
				"type": "IfCondition",
				"dependsOn": [
					{
						"activity": "plt_email_success",
						"dependencyConditions": [
							"Succeeded"
						]
					}
				],
				"userProperties": [],
				"typeProperties": {
					"expression": {
						"value": "@equals(formatDateTime(utcnow(), 'dddd'), 'Sunday')",
						"type": "Expression"
					},
					"ifTrueActivities": [
						{
							"name": "Set_variable",
							"type": "SetVariable",
							"dependsOn": [
								{
									"activity": "FEATURE_GEN_COMPLETE",
									"dependencyConditions": [
										"Succeeded"
									]
								}
							],
							"policy": {
								"secureOutput": false,
								"secureInput": false
							},
							"userProperties": [],
							"typeProperties": {
								"variableName": "Completed",
								"value": "Process is completed"
							}
						},
						{
							"name": "FEATURE_GEN_COMPLETE",
							"type": "Copy",
							"dependsOn": [],
							"policy": {
								"timeout": "0.12:00:00",
								"retry": 0,
								"retryIntervalInSeconds": 30,
								"secureOutput": false,
								"secureInput": false
							},
							"userProperties": [],
							"typeProperties": {
								"source": {
									"type": "DelimitedTextSource",
									"storeSettings": {
										"type": "AzureBlobStorageReadSettings",
										"recursive": true,
										"wildcardFolderPath": {
											"value": "@concat(pipeline().globalParameters.par_env, '/analytics/inbox/ufm/') ",
											"type": "Expression"
										},
										"wildcardFileName": {
											"value": "@concat('*UFM_FEATURE_GEN_IS_COMPLETE*')",
											"type": "Expression"
										},
										"enablePartitionDiscovery": false
									},
									"formatSettings": {
										"type": "DelimitedTextReadSettings"
									}
								},
								"sink": {
									"type": "DelimitedTextSink",
									"storeSettings": {
										"type": "AzureBlobStorageWriteSettings"
									},
									"formatSettings": {
										"type": "DelimitedTextWriteSettings",
										"quoteAllText": true,
										"fileExtension": ".txt"
									}
								},
								"enableStaging": false,
								"translator": {
									"type": "TabularTranslator",
									"typeConversion": true,
									"typeConversionSettings": {
										"allowDataTruncation": true,
										"treatBooleanAsNumber": false
									}
								}
							},
							"inputs": [
								{
									"referenceName": "ds_ablob_files",
									"type": "DatasetReference",
									"parameters": {
										"p_folder_name": {
											"value": "@concat(pipeline().globalParameters.par_env, '/analytics/inbox/ufm/') ",
											"type": "Expression"
										},
										"p_hotstore_endpoint": {
											"value": "@pipeline().globalParameters.par_blob_hotstore_endpoint",
											"type": "Expression"
										}
									}
								}
							],
							"outputs": [
								{
									"referenceName": "ds_ablob_files",
									"type": "DatasetReference",
									"parameters": {
										"p_folder_name": {
											"value": "@concat(pipeline().globalParameters.par_env, '/analytics/inbox/ufm/triggers/') ",
											"type": "Expression"
										},
										"p_hotstore_endpoint": {
											"value": "@pipeline().globalParameters.par_blob_hotstore_endpoint",
											"type": "Expression"
										}
									}
								}
							]
						}
					]
				}
			}
		],
		"parameters": {
			"p_application": {
				"type": "string",
				"defaultValue": "DEEP"
			},
			"p_object_name": {
				"type": "string",
				"defaultValue": "UFM"
			},
			"p_email_recipient": {
				"type": "string",
				"defaultValue": "ism_deep_de@ds.uhc.com"
			},
			"p_util_schema": {
				"type": "string",
				"defaultValue": "UTIL"
			}
		},
		"variables": {
			"Completed": {
				"type": "String"
			},
			"start_time": {
				"type": "String"
			},
			"end_time": {
				"type": "String"
			}
		},
		"folder": {
			"name": "Analytics/Workflows/UFM"
		},
		"annotations": []
	}
}