{
	"name": "wf_UFM_QC",
	"properties": {
		"activities": [
			{
				"name": "Get_Object_Metadata",
				"type": "Lookup",
				"dependsOn": [],
				"policy": {
					"timeout": "0.12:00:00",
					"retry": 0,
					"retryIntervalInSeconds": 30,
					"secureOutput": false,
					"secureInput": false
				},
				"userProperties": [],
				"typeProperties": {
					"source": {
						"type": "SnowflakeV2Source",
						"query": {
							"value": "@concat('select DISTINCT\nPIPELINE_NAME,\nID,\nPROCESS_NAME,\nMODEL_ID,\nBIMODAL,\nCHNG_IN_NOBS_PCTG_THRSHLD,\nFREQUENCY,\nQC_REPORT2_FINAL_CHECK_TABLE,\nSCHEDULE_FREQ,\nSCHEDULE_FREQ_NO,\nSCHEDULE_CALENDER,\nMAIL_SUBJECT,\nSCHEMA_NAME,\nFINAL_TABLE_SP,\nOBJECT_SIGNATURE,\nQC_RP3_TABLE_NAME,\nQC_RP3_TABLE_NAME_SCHEMA,\nFOLDER_NAME,\nFINAL_TARGET_FILE,\nQC_FILE_NAME_CONVENTION\n FROM UTIL.UFM_QUALITY_CONFIGURATION\nWHERE BIMODAL=''N'' AND\nSCHEDULE_FREQ = ','''', pipeline().parameters.SCHEDULE_FREQ,'''' )",
							"type": "Expression"
						},
						"exportSettings": {
							"type": "SnowflakeExportCopyCommand"
						}
					},
					"dataset": {
						"referenceName": "ds_sf_isdc",
						"type": "DatasetReference",
						"parameters": {
							"par_sf_acct": {
								"value": "@pipeline().globalParameters.par_sf_acct",
								"type": "Expression"
							},
							"par_sf_user": {
								"value": "@pipeline().globalParameters.par_sf_user",
								"type": "Expression"
							},
							"par_sf_db": {
								"value": "@pipeline().globalParameters.par_sf_db",
								"type": "Expression"
							},
							"par_sf_wh": {
								"value": "@pipeline().globalParameters.par_sf_wh",
								"type": "Expression"
							},
							"par_sf_role": {
								"value": "@pipeline().globalParameters.par_sf_role",
								"type": "Expression"
							}
						}
					},
					"firstRowOnly": false
				}
			},
			{
				"name": "ForEach1",
				"type": "ForEach",
				"dependsOn": [
					{
						"activity": "Get_Object_Metadata",
						"dependencyConditions": [
							"Succeeded"
						]
					}
				],
				"userProperties": [],
				"typeProperties": {
					"items": {
						"value": "@activity('Get_Object_Metadata').output.value",
						"type": "Expression"
					},
					"isSequential": true,
					"activities": [
						{
							"name": "Final_Check_all_value",
							"type": "Lookup",
							"dependsOn": [],
							"policy": {
								"timeout": "0.12:00:00",
								"retry": 0,
								"retryIntervalInSeconds": 30,
								"secureOutput": false,
								"secureInput": false
							},
							"userProperties": [],
							"typeProperties": {
								"source": {
									"type": "SnowflakeV2Source",
									"query": {
										"value": "@concat('select final_check_all from ',item().SCHEMA_NAME,'.',item().QC_REPORT2_FINAL_CHECK_TABLE)",
										"type": "Expression"
									},
									"exportSettings": {
										"type": "SnowflakeExportCopyCommand"
									}
								},
								"dataset": {
									"referenceName": "ds_sf_isdc",
									"type": "DatasetReference",
									"parameters": {
										"par_sf_acct": {
											"value": "@pipeline().globalParameters.par_sf_acct",
											"type": "Expression"
										},
										"par_sf_user": {
											"value": "@pipeline().globalParameters.par_sf_user",
											"type": "Expression"
										},
										"par_sf_db": {
											"value": "@pipeline().globalParameters.par_sf_db",
											"type": "Expression"
										},
										"par_sf_wh": {
											"value": "@pipeline().globalParameters.par_sf_wh",
											"type": "Expression"
										},
										"par_sf_role": {
											"value": "@pipeline().globalParameters.par_sf_role",
											"type": "Expression"
										}
									}
								},
								"firstRowOnly": false
							}
						},
						{
							"name": "qc_report2_sum",
							"type": "SetVariable",
							"dependsOn": [
								{
									"activity": "Final_Check_all_value",
									"dependencyConditions": [
										"Succeeded"
									]
								}
							],
							"policy": {
								"secureOutput": false,
								"secureInput": false
							},
							"userProperties": [],
							"typeProperties": {
								"variableName": "qc_report2_sum",
								"value": {
									"value": "@string(activity('Final_Check_all_value').output.value[0].FINAL_CHECK_ALL)",
									"type": "Expression"
								}
							}
						},
						{
							"name": "Qc2_Report_Count_Check",
							"type": "Lookup",
							"dependsOn": [],
							"policy": {
								"timeout": "0.12:00:00",
								"retry": 0,
								"retryIntervalInSeconds": 30,
								"secureOutput": false,
								"secureInput": false
							},
							"userProperties": [],
							"typeProperties": {
								"source": {
									"type": "SnowflakeV2Source",
									"query": {
										"value": "@concat('select count(*) as qc2_repot_count from ',item().QC_RP3_TABLE_NAME_SCHEMA,'.',item().QC_RP3_TABLE_NAME,' WHERE mdl_id=','''',item().MODEL_ID,'''',' AND run_week_of_month= ','''',concat(formatDateTime(formatDateTime(addDays(utcNow(), sub(0, mod(add(int(formatDateTime(utcNow(), 'yyyyMMdd')), 5), 7))), 'yyyy-MM-dd'),'yyyy-MM'),'-','0',string(div(add(dayOfMonth(formatDateTime(addDays(utcNow(), sub(0, mod(add(int(formatDateTime(utcNow(), 'yyyyMMdd')), 5), 7))), 'yyyy-MM-dd')),5),7))),'''',' and ((abs(chng_in_nobs_pctg) > ',item().CHNG_IN_NOBS_PCTG_THRSHLD,' and nobs_pct > 0.01) or nobs_pct=0)')",
										"type": "Expression"
									},
									"exportSettings": {
										"type": "SnowflakeExportCopyCommand"
									}
								},
								"dataset": {
									"referenceName": "ds_sf_isdc",
									"type": "DatasetReference",
									"parameters": {
										"par_sf_acct": {
											"value": "@pipeline().globalParameters.par_sf_acct",
											"type": "Expression"
										},
										"par_sf_user": {
											"value": "@pipeline().globalParameters.par_sf_user",
											"type": "Expression"
										},
										"par_sf_db": {
											"value": "@pipeline().globalParameters.par_sf_db",
											"type": "Expression"
										},
										"par_sf_wh": {
											"value": "@pipeline().globalParameters.par_sf_wh",
											"type": "Expression"
										},
										"par_sf_role": {
											"value": "@pipeline().globalParameters.par_sf_role",
											"type": "Expression"
										}
									}
								},
								"firstRowOnly": false
							}
						},
						{
							"name": "qc2_repot_count",
							"type": "SetVariable",
							"dependsOn": [
								{
									"activity": "Qc2_Report_Count_Check",
									"dependencyConditions": [
										"Succeeded"
									]
								}
							],
							"policy": {
								"secureOutput": false,
								"secureInput": false
							},
							"userProperties": [],
							"typeProperties": {
								"variableName": "qc2_repot_count",
								"value": {
									"value": "@string(activity('Qc2_Report_Count_Check').output.value[0].QC2_REPOT_COUNT)",
									"type": "Expression"
								}
							}
						},
						{
							"name": "QC_SUM_NOT_ZERO",
							"type": "IfCondition",
							"dependsOn": [
								{
									"activity": "qc_report2_sum",
									"dependencyConditions": [
										"Succeeded"
									]
								}
							],
							"userProperties": [],
							"typeProperties": {
								"expression": {
									"value": "@equals(variables('qc_report2_sum'),'0')",
									"type": "Expression"
								},
								"ifFalseActivities": [
									{
										"name": "plt_email_notify_attachment",
										"type": "ExecutePipeline",
										"dependsOn": [],
										"policy": {
											"secureInput": false
										},
										"userProperties": [],
										"typeProperties": {
											"pipeline": {
												"referenceName": "plt_email_notify_attachment",
												"type": "PipelineReference"
											},
											"waitOnCompletion": true,
											"parameters": {
												"EmailSender": {
													"value": "@pipeline().globalParameters.par_email_sender",
													"type": "Expression"
												},
												"EmailRecipient": {
													"value": "[{\"emailAddress\":{\"address\":\"ism_deep_de@ds.uhc.com\"}}]",
													"type": "Expression"
												},
												"EmailContentHTML": {
													"value": "@concat('Hi All ',',','</br>','</br>', item().PROCESS_NAME  ,' process in Prod is failed for date:',formatDateTime(utcNow(),'ddMMyyyy'),'</br>','</br>','Reason: Qc sum is not zero ',variables('qc_report2_sum'),'</BR>','</BR>',\n'Model Id:',item().MODEL_ID,'</BR>','</br>','File Name:DEEP_',item().MODEL_ID,'_',substring(item().PROCESS_NAME,4,sub(length(item().PROCESS_NAME),4)),'_Model_',formatDateTime(utcNow(),'yyyy-MM-dd'),'.dat','</br>','</br>','Regards',',','</br>','DEEP Data Engineering Team')",
													"type": "Expression"
												},
												"Multiple_Emails": {
													"value": "[{\"emailAddress\":{\"address\":\"ism_deep_de@ds.uhc.com\"}}]",
													"type": "Expression"
												},
												"EmailSubject": {
													"value": "@concat('DEEP  ',item().SCHEDULE_CALENDER,'  ',item().PROCESS_NAME)",
													"type": "Expression"
												},
												"Folder_Name": {
													"value": "@concat(pipeline().globalParameters.par_env, '/analytics/outbox/universal_feature_mart/',item().FOLDER_NAME,'/')",
													"type": "Expression"
												},
												"File_Name": {
													"value": "@concat(item().QC_FILE_NAME_CONVENTION,'_*',formatDateTime(utcNow(),'yyyy-MM-dd'),'.csv')",
													"type": "Expression"
												}
											}
										}
									},
									{
										"name": "Fail at QC Sum",
										"type": "Fail",
										"dependsOn": [
											{
												"activity": "plt_email_notify_attachment",
												"dependencyConditions": [
													"Succeeded"
												]
											}
										],
										"userProperties": [],
										"typeProperties": {
											"message": "Fail at QC Sum",
											"errorCode": "100"
										}
									}
								],
								"ifTrueActivities": [
									{
										"name": "Wait1",
										"type": "Wait",
										"dependsOn": [],
										"userProperties": [],
										"typeProperties": {
											"waitTimeInSeconds": 1
										}
									}
								]
							}
						},
						{
							"name": "INSERT INTO PERSON MODEL",
							"type": "IfCondition",
							"dependsOn": [
								{
									"activity": "QC2_REPORT_COUNT_NOT_ZERO",
									"dependencyConditions": [
										"Succeeded"
									]
								}
							],
							"userProperties": [],
							"typeProperties": {
								"expression": {
									"value": "@and(equals(variables('qc_report2_sum'),'0'),equals(variables('qc2_repot_count'),'0'))",
									"type": "Expression"
								},
								"ifFalseActivities": [
									{
										"name": "Set variable1",
										"type": "SetVariable",
										"dependsOn": [],
										"policy": {
											"secureOutput": false,
											"secureInput": false
										},
										"userProperties": [],
										"typeProperties": {
											"variableName": "output",
											"value": "NOT ZERO"
										}
									}
								],
								"ifTrueActivities": [
									{
										"name": "INSERT_SCORES_INTO_PERSON_MODLE",
										"type": "Script",
										"dependsOn": [],
										"policy": {
											"timeout": "0.12:00:00",
											"retry": 0,
											"retryIntervalInSeconds": 30,
											"secureOutput": false,
											"secureInput": false
										},
										"userProperties": [],
										"linkedServiceName": {
											"referenceName": "ls_sf_isdc",
											"type": "LinkedServiceReference",
											"parameters": {
												"par_sf_acct": {
													"value": "@pipeline().globalParameters.par_sf_acct",
													"type": "Expression"
												},
												"par_sf_user": {
													"value": "@pipeline().globalParameters.par_sf_user",
													"type": "Expression"
												},
												"par_sf_db": {
													"value": "@pipeline().globalParameters.par_sf_db",
													"type": "Expression"
												},
												"par_sf_wh": {
													"value": "@pipeline().globalParameters.par_sf_wh",
													"type": "Expression"
												},
												"par_sf_role": {
													"value": "@pipeline().globalParameters.par_sf_role",
													"type": "Expression"
												}
											}
										},
										"typeProperties": {
											"scripts": [
												{
													"type": "NonQuery",
													"text": {
														"value": "@concat('USE SECONDARY ROLES ALL;\nCALL ',\npipeline().globalParameters.par_sf_db, '.', \nitem().QC_RP3_TABLE_NAME_SCHEMA,'.',item().FINAL_TABLE_SP,'(','''',pipeline().RunId,'''',',','''',pipeline().Pipeline,'''',',',item().OBJECT_SIGNATURE,')'\n)\n\n",
														"type": "Expression"
													}
												}
											],
											"scriptBlockExecutionTimeout": "02:00:00"
										}
									}
								]
							}
						},
						{
							"name": "total_count",
							"type": "SetVariable",
							"dependsOn": [
								{
									"activity": "total_count_query",
									"dependencyConditions": [
										"Succeeded"
									]
								}
							],
							"policy": {
								"secureOutput": false,
								"secureInput": false
							},
							"userProperties": [],
							"typeProperties": {
								"variableName": "total_count",
								"value": {
									"value": "@string(activity('total_count_query').output.value[0].tot_count)",
									"type": "Expression"
								}
							}
						},
						{
							"name": "dat_file_count",
							"type": "SetVariable",
							"dependsOn": [
								{
									"activity": "dat_file_count_query",
									"dependencyConditions": [
										"Succeeded"
									]
								}
							],
							"policy": {
								"secureOutput": false,
								"secureInput": false
							},
							"userProperties": [],
							"typeProperties": {
								"variableName": "dat_file_count",
								"value": {
									"value": "@string(activity('dat_file_count_query').output.value[0].dat_file_count)",
									"type": "Expression"
								}
							}
						},
						{
							"name": "unique_count",
							"type": "SetVariable",
							"dependsOn": [
								{
									"activity": "unique_count_query",
									"dependencyConditions": [
										"Succeeded"
									]
								}
							],
							"policy": {
								"secureOutput": false,
								"secureInput": false
							},
							"userProperties": [],
							"typeProperties": {
								"variableName": "unique_count",
								"value": {
									"value": "@string(activity('unique_count_query').output.value[0].unique_count)",
									"type": "Expression"
								}
							}
						},
						{
							"name": "SMART_ECG_TRANSFER",
							"type": "IfCondition",
							"dependsOn": [
								{
									"activity": "unique_count",
									"dependencyConditions": [
										"Succeeded"
									]
								}
							],
							"userProperties": [],
							"typeProperties": {
								"expression": {
									"value": "@and(equals(variables('total_count'),variables('unique_count')),\n    and(equals(variables('total_count'),variables('dat_file_count')),\n    and(equals(variables('qc2_repot_count'),'0'),\n\tequals(variables('qc_report2_sum'),'0')\n    )\n    )\n    )",
									"type": "Expression"
								},
								"ifFalseActivities": [
									{
										"name": "NOSMARTECG",
										"type": "SetVariable",
										"dependsOn": [],
										"policy": {
											"secureOutput": false,
											"secureInput": false
										},
										"userProperties": [],
										"typeProperties": {
											"variableName": "NOSMARTECG",
											"value": {
												"value": "FALSE",
												"type": "Expression"
											}
										}
									},
									{
										"name": "EMAIL_NOTICATION_DAT_FILE_CHECK_FAIL_copy1",
										"type": "ExecutePipeline",
										"dependsOn": [
											{
												"activity": "NOSMARTECG",
												"dependencyConditions": [
													"Succeeded"
												]
											}
										],
										"policy": {
											"secureInput": false
										},
										"userProperties": [],
										"typeProperties": {
											"pipeline": {
												"referenceName": "plt_email_notify_attachment",
												"type": "PipelineReference"
											},
											"waitOnCompletion": true,
											"parameters": {
												"EmailSender": {
													"value": "@pipeline().globalParameters.par_email_sender",
													"type": "Expression"
												},
												"EmailRecipient": {
													"value": "[{\"emailAddress\":{\"address\":\"ISM_DEEP_DE@ds.uhc.com\"}}]",
													"type": "Expression"
												},
												"EmailContentHTML": {
													"value": "@concat('Hi All',',','</br>','</br>', item().PROCESS_NAME  ,' process in Prod is completed successfully but failed in DAT File count qc check activity for date:',formatDateTime(utcNow(),'ddMMyyyy'),\n'</br>','</br>','Model Id:',item().MODEL_ID,'</BR>','</BR>',\n'File Name:DEEP_',item().MODEL_ID,'_',substring(item().PROCESS_NAME,4,sub(length(item().PROCESS_NAME),4)),'_Model_',formatDateTime(utcNow(),'yyyy-MM-dd'),'.dat','</br>','</br>','Regards',',','</br>','DEEP Data Engineering Team')",
													"type": "Expression"
												},
												"Multiple_Emails": {
													"value": "[{\"emailAddress\":{\"address\":\"ism_deep_de@ds.uhc.com\"}}]",
													"type": "Expression"
												},
												"EmailSubject": {
													"value": "@concat('DEEP  ',item().SCHEDULE_CALENDER,'   ',item().PROCESS_NAME)",
													"type": "Expression"
												},
												"Folder_Name": {
													"value": "@concat(pipeline().globalParameters.par_env, '/analytics/outbox/universal_feature_mart/',item().FOLDER_NAME,'/')",
													"type": "Expression"
												},
												"File_Name": {
													"value": "@concat(item().QC_FILE_NAME_CONVENTION,'_*',formatDateTime(utcNow(),'yyyy-MM-dd'),'.csv')",
													"type": "Expression"
												}
											}
										}
									},
									{
										"name": "Fail at SMART_ECG_TRANSFER",
										"type": "Fail",
										"dependsOn": [
											{
												"activity": "EMAIL_NOTICATION_DAT_FILE_CHECK_FAIL_copy1",
												"dependencyConditions": [
													"Succeeded"
												]
											}
										],
										"userProperties": [],
										"typeProperties": {
											"message": "Fail at SMART_ECG_TRANSFER",
											"errorCode": "100"
										}
									}
								],
								"ifTrueActivities": [
									{
										"name": "File Movement to ECG",
										"type": "ExecutePipeline",
										"dependsOn": [],
										"policy": {
											"secureInput": false
										},
										"userProperties": [],
										"typeProperties": {
											"pipeline": {
												"referenceName": "ecg_files_transfer",
												"type": "PipelineReference"
											},
											"waitOnCompletion": true,
											"parameters": {
												"p_folder_name": {
													"value": "@concat(pipeline().globalParameters.par_env,'/analytics/outbox/universal_feature_mart/data/',item().FOLDER_NAME,'/')",
													"type": "Expression"
												},
												"p_file_name": {
													"value": "@concat('DEEP_', item().MODEL_ID, '_*_', formatDateTime(convertTimeZone(utcnow(), 'UTC', 'Central Standard Time'), 'yyyy-MM-dd'), '.dat')",
													"type": "Expression"
												},
												"P_hotstore_endpoint": {
													"value": "@pipeline().globalParameters.par_blob_hotstore_endpoint",
													"type": "Expression"
												},
												"Target_Folder": "/in/to_smart/isa",
												"Actual_File_Name": {
													"value": "@concat('DEEP_',item().MODEL_ID,'_',item().FINAL_TARGET_FILE,'_',formatDateTime(convertTimeZone(utcnow(), 'UTC', 'Central Standard Time'), 'yyyy-MM-dd'), '.dat')",
													"type": "Expression"
												}
											}
										}
									},
									{
										"name": "plt_email_notify_ecg",
										"type": "ExecutePipeline",
										"dependsOn": [
											{
												"activity": "File Movement to ECG",
												"dependencyConditions": [
													"Failed"
												]
											}
										],
										"policy": {
											"secureInput": false
										},
										"userProperties": [],
										"typeProperties": {
											"pipeline": {
												"referenceName": "plt_email_notify",
												"type": "PipelineReference"
											},
											"waitOnCompletion": true,
											"parameters": {
												"EmailSender": {
													"value": "@pipeline().globalParameters.par_email_sender",
													"type": "Expression"
												},
												"EmailRecipient": {
													"value": "[{\"emailAddress\":{\"address\":\"ism_deep_de@ds.uhc.com\"}]",
													"type": "Expression"
												},
												"EmailSubject": {
													"value": "@concat('ISDC ', toUpper(pipeline().globalParameters.par_env),' - ',  pipeline().Pipeline, ' Failed in UFM ECG File Transfer Activty')",
													"type": "Expression"
												},
												"EmailContentHTML": {
													"value": "@concat('PipelineName: ', pipeline().Pipeline, \n'<br>', activity('File Movement to ECG').error?.message)",
													"type": "Expression"
												}
											}
										}
									}
								]
							}
						},
						{
							"name": "total_count_query",
							"type": "Lookup",
							"dependsOn": [
								{
									"activity": "INSERT INTO PERSON MODEL",
									"dependencyConditions": [
										"Succeeded"
									]
								}
							],
							"policy": {
								"timeout": "0.12:00:00",
								"retry": 0,
								"retryIntervalInSeconds": 30,
								"secureOutput": false,
								"secureInput": false
							},
							"userProperties": [],
							"typeProperties": {
								"source": {
									"type": "SnowflakeV2Source",
									"query": {
										"value": "@concat('select count(*) as tot_count from ',item().QC_RP3_TABLE_NAME_SCHEMA,'.','PERSON_MODEL_SCORE',' WHERE mdl_id=','''',item().MODEL_ID,'''',' AND run_week_of_month= ','''',concat(formatDateTime(formatDateTime(addDays(utcNow(), sub(0, mod(add(int(formatDateTime(utcNow(), 'yyyyMMdd')), 5), 7))), 'yyyy-MM-dd'),'yyyy-MM'),'-','0',string(div(add(dayOfMonth(formatDateTime(addDays(utcNow(), sub(0, mod(add(int(formatDateTime(utcNow(), 'yyyyMMdd')), 5), 7))), 'yyyy-MM-dd')),5),7))),'''')",
										"type": "Expression"
									},
									"exportSettings": {
										"type": "SnowflakeExportCopyCommand"
									}
								},
								"dataset": {
									"referenceName": "ds_sf_isdc",
									"type": "DatasetReference",
									"parameters": {
										"par_sf_acct": {
											"value": "@pipeline().globalParameters.par_sf_acct",
											"type": "Expression"
										},
										"par_sf_user": {
											"value": "@pipeline().globalParameters.par_sf_user",
											"type": "Expression"
										},
										"par_sf_db": {
											"value": "@pipeline().globalParameters.par_sf_db",
											"type": "Expression"
										},
										"par_sf_wh": {
											"value": "@pipeline().globalParameters.par_sf_wh",
											"type": "Expression"
										},
										"par_sf_role": {
											"value": "@pipeline().globalParameters.par_sf_role",
											"type": "Expression"
										}
									}
								},
								"firstRowOnly": false
							}
						},
						{
							"name": "dat_file_count_query",
							"type": "Lookup",
							"dependsOn": [
								{
									"activity": "total_count",
									"dependencyConditions": [
										"Succeeded"
									]
								}
							],
							"policy": {
								"timeout": "0.12:00:00",
								"retry": 0,
								"retryIntervalInSeconds": 30,
								"secureOutput": false,
								"secureInput": false
							},
							"userProperties": [],
							"typeProperties": {
								"source": {
									"type": "SnowflakeV2Source",
									"query": {
										"value": "@concat('select count(*) as dat_file_count from ',item().QC_RP3_TABLE_NAME_SCHEMA,'.','PERSON_MODEL_SCORE',' WHERE mdl_id=','''',item().MODEL_ID,'''',' AND run_week_of_month= ','''',concat(formatDateTime(formatDateTime(addDays(utcNow(), sub(0, mod(add(int(formatDateTime(utcNow(), 'yyyyMMdd')), 5), 7))), 'yyyy-MM-dd'),'yyyy-MM'),'-','0',string(div(add(dayOfMonth(formatDateTime(addDays(utcNow(), sub(0, mod(add(int(formatDateTime(utcNow(), 'yyyyMMdd')), 5), 7))), 'yyyy-MM-dd')),5),7))),'''')",
										"type": "Expression"
									},
									"exportSettings": {
										"type": "SnowflakeExportCopyCommand"
									}
								},
								"dataset": {
									"referenceName": "ds_sf_isdc",
									"type": "DatasetReference",
									"parameters": {
										"par_sf_acct": {
											"value": "@pipeline().globalParameters.par_sf_acct",
											"type": "Expression"
										},
										"par_sf_user": {
											"value": "@pipeline().globalParameters.par_sf_user",
											"type": "Expression"
										},
										"par_sf_db": {
											"value": "@pipeline().globalParameters.par_sf_db",
											"type": "Expression"
										},
										"par_sf_wh": {
											"value": "@pipeline().globalParameters.par_sf_wh",
											"type": "Expression"
										},
										"par_sf_role": {
											"value": "@pipeline().globalParameters.par_sf_role",
											"type": "Expression"
										}
									}
								},
								"firstRowOnly": false
							}
						},
						{
							"name": "unique_count_query",
							"type": "Lookup",
							"dependsOn": [
								{
									"activity": "dat_file_count",
									"dependencyConditions": [
										"Succeeded"
									]
								}
							],
							"policy": {
								"timeout": "0.12:00:00",
								"retry": 0,
								"retryIntervalInSeconds": 30,
								"secureOutput": false,
								"secureInput": false
							},
							"userProperties": [],
							"typeProperties": {
								"source": {
									"type": "SnowflakeV2Source",
									"query": {
										"value": "@concat('select count(distinct pers_id) as unique_count from ',item().QC_RP3_TABLE_NAME_SCHEMA,'.','PERSON_MODEL_SCORE',' WHERE mdl_id=','''',item().MODEL_ID,'''',' AND run_week_of_month=','''',concat(formatDateTime(formatDateTime(addDays(utcNow(), sub(0, mod(add(int(formatDateTime(utcNow(), 'yyyyMMdd')), 5), 7))), 'yyyy-MM-dd'),'yyyy-MM'),'-','0',string(div(add(dayOfMonth(formatDateTime(addDays(utcNow(), sub(0, mod(add(int(formatDateTime(utcNow(), 'yyyyMMdd')), 5), 7))), 'yyyy-MM-dd')),5),7))),'''')",
										"type": "Expression"
									},
									"exportSettings": {
										"type": "SnowflakeExportCopyCommand"
									}
								},
								"dataset": {
									"referenceName": "ds_sf_isdc",
									"type": "DatasetReference",
									"parameters": {
										"par_sf_acct": {
											"value": "@pipeline().globalParameters.par_sf_acct",
											"type": "Expression"
										},
										"par_sf_user": {
											"value": "@pipeline().globalParameters.par_sf_user",
											"type": "Expression"
										},
										"par_sf_db": {
											"value": "@pipeline().globalParameters.par_sf_db",
											"type": "Expression"
										},
										"par_sf_wh": {
											"value": "@pipeline().globalParameters.par_sf_wh",
											"type": "Expression"
										},
										"par_sf_role": {
											"value": "@pipeline().globalParameters.par_sf_role",
											"type": "Expression"
										}
									}
								},
								"firstRowOnly": false
							}
						},
						{
							"name": "QC2_REPORT_COUNT_NOT_ZERO",
							"type": "IfCondition",
							"dependsOn": [
								{
									"activity": "QC_SUM_NOT_ZERO",
									"dependencyConditions": [
										"Succeeded"
									]
								},
								{
									"activity": "qc2_repot_count",
									"dependencyConditions": [
										"Succeeded"
									]
								}
							],
							"userProperties": [],
							"typeProperties": {
								"expression": {
									"value": "@and(equals(variables('qc_report2_sum'),'0'),not(equals(variables('qc2_repot_count'),'0')))\n\n\n\n",
									"type": "Expression"
								},
								"ifTrueActivities": [
									{
										"name": "qc2_repot_count_NE_zero",
										"type": "ExecutePipeline",
										"dependsOn": [],
										"policy": {
											"secureInput": false
										},
										"userProperties": [],
										"typeProperties": {
											"pipeline": {
												"referenceName": "plt_email_notify_attachment",
												"type": "PipelineReference"
											},
											"waitOnCompletion": true,
											"parameters": {
												"EmailSender": {
													"value": "@pipeline().globalParameters.par_email_sender",
													"type": "Expression"
												},
												"EmailRecipient": {
													"value": "[{\"emailAddress\":{\"address\":\"ism_deep_de@ds.uhc.com\"}}]",
													"type": "Expression"
												},
												"EmailContentHTML": {
													"value": "@concat('Hi All ',',','</br>','</br>', item().PROCESS_NAME ,' in Prod is completed with warning for Date:',formatDateTime(utcNow(),'ddMMyyyy'),'</br>','</br>','Warning -',variables('qc2_repot_count'),' Feature has change in number of observation >',item().CHNG_IN_NOBS_PCTG_THRSHLD,'</br>','</br>','Model Id:',item().MODEL_ID,'</br>','</br>','File Name:DEEP_',item().MODEL_ID,'_',substring(item().PROCESS_NAME,4,sub(length(item().PROCESS_NAME),4)),'_Model_',formatDateTime(utcNow(),'yyyy-MM-dd'),'.dat','</br>','</br>','Regards',',','</br>','DEEP Data Engineering Team')",
													"type": "Expression"
												},
												"Multiple_Emails": {
													"value": "[{\"emailAddress\":{\"address\":\"ism_deep_de@ds.uhc.com\"}}]",
													"type": "Expression"
												},
												"EmailSubject": {
													"value": "@concat('DEEP  ',item().SCHEDULE_CALENDER,'  ',item().PROCESS_NAME)",
													"type": "Expression"
												},
												"Folder_Name": {
													"value": "@concat(pipeline().globalParameters.par_env, '/analytics/outbox/universal_feature_mart/',item().FOLDER_NAME,'/')",
													"type": "Expression"
												},
												"File_Name": {
													"value": "@concat(item().QC_FILE_NAME_CONVENTION,'_*',formatDateTime(utcNow(),'yyyy-MM-dd'),'.csv')",
													"type": "Expression"
												}
											}
										}
									},
									{
										"name": "Fail at QC Warning",
										"type": "Fail",
										"dependsOn": [
											{
												"activity": "qc2_repot_count_NE_zero",
												"dependencyConditions": [
													"Succeeded"
												]
											}
										],
										"userProperties": [],
										"typeProperties": {
											"message": "Fail at QC Warning",
											"errorCode": "100"
										}
									}
								]
							}
						},
						{
							"name": "EXTRACTION_OF_TARGET_FILE_IS_SUCCESSFUL_copy1",
							"type": "ExecutePipeline",
							"dependsOn": [
								{
									"activity": "SMART_ECG_TRANSFER",
									"dependencyConditions": [
										"Succeeded"
									]
								}
							],
							"policy": {
								"secureInput": false
							},
							"userProperties": [],
							"typeProperties": {
								"pipeline": {
									"referenceName": "plt_email_notify_attachment",
									"type": "PipelineReference"
								},
								"waitOnCompletion": true,
								"parameters": {
									"EmailSender": {
										"value": "@pipeline().globalParameters.par_email_sender",
										"type": "Expression"
									},
									"EmailRecipient": {
										"value": "[{\"emailAddress\":{\"address\":\"ISM_DEEP_DE@ds.uhc.com\"}},{\"emailAddress\":{\"address\":\"gurtej_singh@optum.com\"}},{\"emailAddress\":{\"address\":\"trevor_jones@uhc.com\"}},{\"emailAddress\":{\"address\":\"kevin_k_ching@uhc.com\"}},{\"emailAddress\":{\"address\":\"edward_p_kost@uhc.com\"}},{\"emailAddress\":{\"address\":\"kevin_ahtou@uhc.com\"}}]",
										"type": "Expression"
									},
									"EmailContentHTML": {
										"value": "@concat('Hi All',',','</br>','</br>', item().PROCESS_NAME  ,' process in Prod is completed successfully for date:',formatDateTime(utcNow(),'ddMMyyyy'),\n'</br>','</br>','Model Id:',item().MODEL_ID,'</BR>','</BR>',\n'File Name:DEEP_',item().MODEL_ID,'_',substring(item().PROCESS_NAME,4,sub(length(item().PROCESS_NAME),4)),'_Model_',formatDateTime(utcNow(),'yyyy-MM-dd'),'.dat','</br>','</br>','Regards',',','</br>','DEEP Data Engineering Team')",
										"type": "Expression"
									},
									"Multiple_Emails": {
										"value": "[{\"emailAddress\":{\"address\":\"ISM_DEEP_DE@ds.uhc.com\"}},{\"emailAddress\":{\"address\":\"gurtej_singh@optum.com\"}},{\"emailAddress\":{\"address\":\"trevor_jones@uhc.com\"}},{\"emailAddress\":{\"address\":\"kevin_k_ching@uhc.com\"}},{\"emailAddress\":{\"address\":\"edward_p_kost@uhc.com\"}},{\"emailAddress\":{\"address\":\"kevin_ahtou@uhc.com\"}}]",
										"type": "Expression"
									},
									"EmailSubject": {
										"value": "@concat('DEEP  ',item().SCHEDULE_CALENDER,'   ',item().PROCESS_NAME)",
										"type": "Expression"
									},
									"Folder_Name": {
										"value": "@concat(pipeline().globalParameters.par_env, '/analytics/outbox/universal_feature_mart/',item().FOLDER_NAME,'/')",
										"type": "Expression"
									},
									"File_Name": {
										"value": "@concat(item().QC_FILE_NAME_CONVENTION,'_*',formatDateTime(utcNow(),'yyyy-MM-dd'),'.csv')",
										"type": "Expression"
									}
								}
							}
						}
					]
				}
			}
		],
		"parameters": {
			"SCHEDULE_FREQ": {
				"type": "string",
				"defaultValue": "SUNDAY"
			},
			"PEROSN_MODEL_SCROE": {
				"type": "string",
				"defaultValue": "PERSON_MODEL_SCORE"
			}
		},
		"variables": {
			"qc_report2_sum": {
				"type": "String"
			},
			"qc2_repot_count": {
				"type": "String"
			},
			"total_count": {
				"type": "String"
			},
			"dat_file_count": {
				"type": "String"
			},
			"unique_count": {
				"type": "String"
			},
			"NOSMARTECG": {
				"type": "String"
			},
			"current_date": {
				"type": "String"
			},
			"output": {
				"type": "String"
			}
		},
		"folder": {
			"name": "Analytics/Workflows/UFM"
		},
		"annotations": []
	}
}