{
    "name": "wf_UFM_SCORING_SUNDAY_T65_FREQUENCY",
    "properties": {
        "activities": [
            {
                "name": "Get_Object_Metadata",
                "type": "Lookup",
                "dependsOn": [
                    {
                        "activity": "Start Log",
                        "dependencyConditions": [
                            "Succeeded"
                        ]
                    }
                ],
                "policy": {
                    "timeout": "0.12:00:00",
                    "retry": 0,
                    "retryIntervalInSeconds": 30,
                    "secureOutput": false,
                    "secureInput": false
                },
                "userProperties": [],
                "typeProperties": {
                    "source": {
                        "type": "SnowflakeV2Source",
                        "query": {
                            "value": "@concat('select\nPGM.OBJECT_DB,\nPGM.OBJECT_SCHEMA,\nPGM.OBJECT_NAME,  \nPGM.OBJECT_SIGNATURE\nFROM UTIL.PROGRAM_LIST_ANALYTICS PGM JOIN UTIL.PROCESS_LIST_ANALYTICS PRC ON\nPGM.PROCESS_NAME = PRC.PROCESS_NAME AND PGM.DATA_FACTORY_NAME = PRC.DATA_FACTORY_NAME AND PRC.ACTIVE_INDC = ''Y''\nWHERE \nPGM.SUB_PROCESS_NAME  LIKE ''%SUN%T65_FREQ%'' ORDER BY CODE_SEQUENCE')",
                            "type": "Expression"
                        },
                        "exportSettings": {
                            "type": "SnowflakeExportCopyCommand"
                        }
                    },
                    "dataset": {
                        "referenceName": "ds_sf_isdc",
                        "type": "DatasetReference",
                        "parameters": {
                            "par_sf_acct": {
                                "value": "@pipeline().globalParameters.par_sf_acct",
                                "type": "Expression"
                            },
                            "par_sf_user": {
                                "value": "@pipeline().globalParameters.par_sf_user",
                                "type": "Expression"
                            },
                            "par_sf_db": {
                                "value": "@pipeline().globalParameters.par_sf_db",
                                "type": "Expression"
                            },
                            "par_sf_wh": {
                                "value": "@pipeline().globalParameters.par_sf_wh",
                                "type": "Expression"
                            },
                            "par_sf_role": {
                                "value": "@pipeline().globalParameters.par_sf_role",
                                "type": "Expression"
                            }
                        }
                    },
                    "firstRowOnly": false
                }
            },
            {
                "name": "Start Log",
                "type": "Script",
                "dependsOn": [],
                "policy": {
                    "timeout": "0.12:00:00",
                    "retry": 0,
                    "retryIntervalInSeconds": 30,
                    "secureOutput": false,
                    "secureInput": false
                },
                "userProperties": [],
                "linkedServiceName": {
                    "referenceName": "ls_sf_isdc",
                    "type": "LinkedServiceReference",
                    "parameters": {
                        "par_sf_acct": {
                            "value": "@pipeline().globalParameters.par_sf_acct",
                            "type": "Expression"
                        },
                        "par_sf_user": {
                            "value": "@pipeline().globalParameters.par_sf_user",
                            "type": "Expression"
                        },
                        "par_sf_db": {
                            "value": "@pipeline().globalParameters.par_sf_db",
                            "type": "Expression"
                        },
                        "par_sf_wh": {
                            "value": "@pipeline().globalParameters.par_sf_wh",
                            "type": "Expression"
                        },
                        "par_sf_role": {
                            "value": "@pipeline().globalParameters.par_sf_role",
                            "type": "Expression"
                        }
                    }
                },
                "typeProperties": {
                    "scripts": [
                        {
                            "type": "NonQuery",
                            "text": {
                                "value": "@concat(\n'INSERT INTO UTIL.PROCESS_RUN_LOGS_ANALYTICS\n(\nPIPELINE_ID,\nPIPELINE_NAME,\nPROCESS_NAME,\nSUB_PROCESS_NAME,\nSTART_DATETIME,\nSTATUS,\nDATAFACTORY,\nTRIGGER_NAME,\nTRIGGER_TYPE,\nTRIGGER_TIME,\nAPP_NAME\n)\nVALUES (''',pipeline().RunId,''',','''',pipeline().Pipeline,''',\n','''',pipeline().parameters.p_application,''',','''',pipeline().parameters.p_object_name,\n''',','''',pipeline().TriggerTime,''',','''Running'',','''',pipeline().DataFactory,''',','''',pipeline().TriggerName,''',','''',pipeline().TriggerType,''',','''',pipeline().TriggerTime,''',','''DEEP'');')",
                                "type": "Expression"
                            }
                        }
                    ],
                    "scriptBlockExecutionTimeout": "02:00:00"
                }
            },
            {
                "name": "plt_email_notify_1",
                "type": "ExecutePipeline",
                "dependsOn": [
                    {
                        "activity": "Start Log",
                        "dependencyConditions": [
                            "Failed"
                        ]
                    }
                ],
                "policy": {
                    "secureInput": false
                },
                "userProperties": [],
                "typeProperties": {
                    "pipeline": {
                        "referenceName": "plt_email_notify",
                        "type": "PipelineReference"
                    },
                    "waitOnCompletion": true,
                    "parameters": {
                        "EmailSender": {
                            "value": "@pipeline().globalParameters.par_email_sender",
                            "type": "Expression"
                        },
                        "EmailRecipient": {
                            "value": "@pipeline().parameters.p_email_recipient",
                            "type": "Expression"
                        },
                        "EmailSubject": {
                            "value": "@concat('ISDC ', toUpper(pipeline().globalParameters.par_env),' - ',  pipeline().Pipeline, ' Failed')",
                            "type": "Expression"
                        },
                        "EmailContentHTML": {
                            "value": "@concat('PipelineName: ', pipeline().Pipeline, \n'<br>', activity('Start Log').error?.message)",
                            "type": "Expression"
                        }
                    }
                }
            },
            {
                "name": "T65_FREQ_BS_M001",
                "type": "Script",
                "dependsOn": [
                    {
                        "activity": "Get_Object_Metadata",
                        "dependencyConditions": [
                            "Succeeded"
                        ]
                    }
                ],
                "policy": {
                    "timeout": "0.12:00:00",
                    "retry": 0,
                    "retryIntervalInSeconds": 30,
                    "secureOutput": false,
                    "secureInput": false
                },
                "userProperties": [],
                "linkedServiceName": {
                    "referenceName": "ls_sf_isdc",
                    "type": "LinkedServiceReference",
                    "parameters": {
                        "par_sf_acct": {
                            "value": "@pipeline().globalParameters.par_sf_acct",
                            "type": "Expression"
                        },
                        "par_sf_user": {
                            "value": "@pipeline().globalParameters.par_sf_user",
                            "type": "Expression"
                        },
                        "par_sf_db": {
                            "value": "@pipeline().globalParameters.par_sf_db",
                            "type": "Expression"
                        },
                        "par_sf_wh": {
                            "value": "@pipeline().globalParameters.par_sf_wh",
                            "type": "Expression"
                        },
                        "par_sf_role": {
                            "value": "@pipeline().globalParameters.par_sf_role",
                            "type": "Expression"
                        }
                    }
                },
                "typeProperties": {
                    "scripts": [
                        {
                            "type": "NonQuery",
                            "text": {
                                "value": "@concat(\n'CALL ',\nstring(activity(\n'Get_Object_Metadata'\n).output.value[0].OBJECT_DB), '.', \nstring(activity(\n'Get_Object_Metadata'\n).output.value[0].OBJECT_SCHEMA),'.','SP_UFM_SCORING_SUN_T65_FREQUENCY_BS_M001','(','''',pipeline().RunId,'''',',','''',pipeline().Pipeline,'''',',',string(activity(\n'Get_Object_Metadata'\n).output.value[0].OBJECT_SIGNATURE),')'\n\n)",
                                "type": "Expression"
                            }
                        }
                    ],
                    "scriptBlockExecutionTimeout": "04:00:00"
                }
            },
            {
                "name": "plt_email_notify_2",
                "type": "ExecutePipeline",
                "dependsOn": [
                    {
                        "activity": "Get_Object_Metadata",
                        "dependencyConditions": [
                            "Failed"
                        ]
                    }
                ],
                "policy": {
                    "secureInput": false
                },
                "userProperties": [],
                "typeProperties": {
                    "pipeline": {
                        "referenceName": "plt_email_notify",
                        "type": "PipelineReference"
                    },
                    "waitOnCompletion": true,
                    "parameters": {
                        "EmailSender": {
                            "value": "@pipeline().globalParameters.par_email_sender",
                            "type": "Expression"
                        },
                        "EmailRecipient": {
                            "value": "@pipeline().parameters.p_email_recipient",
                            "type": "Expression"
                        },
                        "EmailSubject": {
                            "value": "@concat('ISDC ', toUpper(pipeline().globalParameters.par_env),' - ',  pipeline().Pipeline, ' Failed')",
                            "type": "Expression"
                        },
                        "EmailContentHTML": {
                            "value": "@concat('PipelineName: ', pipeline().Pipeline, \n'<br>', activity('Get_Object_Metadata').error?.message)",
                            "type": "Expression"
                        }
                    }
                }
            },
            {
                "name": "T65_FREQ_BS_NM001",
                "type": "Script",
                "dependsOn": [
                    {
                        "activity": "T65_FREQ_BS_M001",
                        "dependencyConditions": [
                            "Succeeded"
                        ]
                    }
                ],
                "policy": {
                    "timeout": "0.12:00:00",
                    "retry": 0,
                    "retryIntervalInSeconds": 30,
                    "secureOutput": false,
                    "secureInput": false
                },
                "userProperties": [],
                "linkedServiceName": {
                    "referenceName": "ls_sf_isdc",
                    "type": "LinkedServiceReference",
                    "parameters": {
                        "par_sf_acct": {
                            "value": "@pipeline().globalParameters.par_sf_acct",
                            "type": "Expression"
                        },
                        "par_sf_user": {
                            "value": "@pipeline().globalParameters.par_sf_user",
                            "type": "Expression"
                        },
                        "par_sf_db": {
                            "value": "@pipeline().globalParameters.par_sf_db",
                            "type": "Expression"
                        },
                        "par_sf_wh": {
                            "value": "@pipeline().globalParameters.par_sf_wh",
                            "type": "Expression"
                        },
                        "par_sf_role": {
                            "value": "@pipeline().globalParameters.par_sf_role",
                            "type": "Expression"
                        }
                    }
                },
                "typeProperties": {
                    "scripts": [
                        {
                            "type": "NonQuery",
                            "text": {
                                "value": "@concat(\n'CALL ',\nstring(activity(\n'Get_Object_Metadata'\n).output.value[1].OBJECT_DB), '.', \nstring(activity(\n'Get_Object_Metadata'\n).output.value[1].OBJECT_SCHEMA),'.','SP_UFM_SCORING_SUN_T65_FREQUENCY_BS_NM001','(','''',pipeline().RunId,'''',',','''',pipeline().Pipeline,'''',',',string(activity(\n'Get_Object_Metadata'\n).output.value[1].OBJECT_SIGNATURE),')'\n\n)",
                                "type": "Expression"
                            }
                        }
                    ],
                    "scriptBlockExecutionTimeout": "04:00:00"
                }
            },
            {
                "name": "plt_email_notify_3",
                "type": "ExecutePipeline",
                "dependsOn": [
                    {
                        "activity": "T65_FREQ_BS_M001",
                        "dependencyConditions": [
                            "Failed"
                        ]
                    }
                ],
                "policy": {
                    "secureInput": false
                },
                "userProperties": [],
                "typeProperties": {
                    "pipeline": {
                        "referenceName": "plt_email_notify",
                        "type": "PipelineReference"
                    },
                    "waitOnCompletion": true,
                    "parameters": {
                        "EmailSender": {
                            "value": "@pipeline().globalParameters.par_email_sender",
                            "type": "Expression"
                        },
                        "EmailRecipient": {
                            "value": "@pipeline().parameters.p_email_recipient",
                            "type": "Expression"
                        },
                        "EmailSubject": {
                            "value": "@concat('ISDC ', toUpper(pipeline().globalParameters.par_env),' - ',  pipeline().Pipeline, ' Failed')",
                            "type": "Expression"
                        },
                        "EmailContentHTML": {
                            "value": "@concat('PipelineName: ', pipeline().Pipeline, \n'<br>', activity('T65_FREQ_BS_M001').error?.message)",
                            "type": "Expression"
                        }
                    }
                }
            },
            {
                "name": "T65_FREQ_BS_002",
                "type": "Script",
                "dependsOn": [
                    {
                        "activity": "T65_FREQ_BS_NM001",
                        "dependencyConditions": [
                            "Succeeded"
                        ]
                    }
                ],
                "policy": {
                    "timeout": "0.12:00:00",
                    "retry": 0,
                    "retryIntervalInSeconds": 30,
                    "secureOutput": false,
                    "secureInput": false
                },
                "userProperties": [],
                "linkedServiceName": {
                    "referenceName": "ls_sf_isdc",
                    "type": "LinkedServiceReference",
                    "parameters": {
                        "par_sf_acct": {
                            "value": "@pipeline().globalParameters.par_sf_acct",
                            "type": "Expression"
                        },
                        "par_sf_user": {
                            "value": "@pipeline().globalParameters.par_sf_user",
                            "type": "Expression"
                        },
                        "par_sf_db": {
                            "value": "@pipeline().globalParameters.par_sf_db",
                            "type": "Expression"
                        },
                        "par_sf_wh": {
                            "value": "@pipeline().globalParameters.par_sf_wh",
                            "type": "Expression"
                        },
                        "par_sf_role": {
                            "value": "@pipeline().globalParameters.par_sf_role",
                            "type": "Expression"
                        }
                    }
                },
                "typeProperties": {
                    "scripts": [
                        {
                            "type": "NonQuery",
                            "text": {
                                "value": "@concat(\n'CALL ',\nstring(activity(\n'Get_Object_Metadata'\n).output.value[2].OBJECT_DB), '.', \nstring(activity(\n'Get_Object_Metadata'\n).output.value[2].OBJECT_SCHEMA),'.','SP_UFM_SCORING_SUN_T65_FREQUENCY_BS_002','(','''',pipeline().RunId,'''',',','''',pipeline().Pipeline,'''',',',string(activity(\n'Get_Object_Metadata'\n).output.value[2].OBJECT_SIGNATURE),')'\n\n)",
                                "type": "Expression"
                            }
                        }
                    ],
                    "scriptBlockExecutionTimeout": "04:00:00"
                }
            },
            {
                "name": "plt_email_notify_4",
                "type": "ExecutePipeline",
                "dependsOn": [
                    {
                        "activity": "T65_FREQ_BS_NM001",
                        "dependencyConditions": [
                            "Failed"
                        ]
                    }
                ],
                "policy": {
                    "secureInput": false
                },
                "userProperties": [],
                "typeProperties": {
                    "pipeline": {
                        "referenceName": "plt_email_notify",
                        "type": "PipelineReference"
                    },
                    "waitOnCompletion": true,
                    "parameters": {
                        "EmailSender": {
                            "value": "@pipeline().globalParameters.par_email_sender",
                            "type": "Expression"
                        },
                        "EmailRecipient": {
                            "value": "@pipeline().parameters.p_email_recipient",
                            "type": "Expression"
                        },
                        "EmailSubject": {
                            "value": "@concat('ISDC ', toUpper(pipeline().globalParameters.par_env),' - ',  pipeline().Pipeline, ' Failed')",
                            "type": "Expression"
                        },
                        "EmailContentHTML": {
                            "value": "@concat('PipelineName: ', pipeline().Pipeline, \n'<br>', activity('T65_FREQ_BS_NM001').error?.message)",
                            "type": "Expression"
                        }
                    }
                }
            },
            {
                "name": "T65_FREQ_QC_RP1",
                "type": "Script",
                "dependsOn": [
                    {
                        "activity": "T65_FREQ_BS_002",
                        "dependencyConditions": [
                            "Succeeded"
                        ]
                    }
                ],
                "policy": {
                    "timeout": "0.12:00:00",
                    "retry": 0,
                    "retryIntervalInSeconds": 30,
                    "secureOutput": false,
                    "secureInput": false
                },
                "userProperties": [],
                "linkedServiceName": {
                    "referenceName": "ls_sf_isdc",
                    "type": "LinkedServiceReference",
                    "parameters": {
                        "par_sf_acct": {
                            "value": "@pipeline().globalParameters.par_sf_acct",
                            "type": "Expression"
                        },
                        "par_sf_user": {
                            "value": "@pipeline().globalParameters.par_sf_user",
                            "type": "Expression"
                        },
                        "par_sf_db": {
                            "value": "@pipeline().globalParameters.par_sf_db",
                            "type": "Expression"
                        },
                        "par_sf_wh": {
                            "value": "@pipeline().globalParameters.par_sf_wh",
                            "type": "Expression"
                        },
                        "par_sf_role": {
                            "value": "@pipeline().globalParameters.par_sf_role",
                            "type": "Expression"
                        }
                    }
                },
                "typeProperties": {
                    "scripts": [
                        {
                            "type": "NonQuery",
                            "text": {
                                "value": "@concat(\n'CALL ',\nstring(activity(\n'Get_Object_Metadata'\n).output.value[3].OBJECT_DB), '.', \nstring(activity(\n'Get_Object_Metadata'\n).output.value[3].OBJECT_SCHEMA),'.','SP_UFM_SCORING_SUN_T65_FREQUENCY_QC_REPORT_1','(','''',pipeline().RunId,'''',',','''',pipeline().Pipeline,'''',',',string(activity(\n'Get_Object_Metadata'\n).output.value[3].OBJECT_SIGNATURE),')'\n\n)",
                                "type": "Expression"
                            }
                        }
                    ],
                    "scriptBlockExecutionTimeout": "02:00:00"
                }
            },
            {
                "name": "plt_email_notify_5",
                "type": "ExecutePipeline",
                "dependsOn": [
                    {
                        "activity": "T65_FREQ_BS_002",
                        "dependencyConditions": [
                            "Failed"
                        ]
                    }
                ],
                "policy": {
                    "secureInput": false
                },
                "userProperties": [],
                "typeProperties": {
                    "pipeline": {
                        "referenceName": "plt_email_notify",
                        "type": "PipelineReference"
                    },
                    "waitOnCompletion": true,
                    "parameters": {
                        "EmailSender": {
                            "value": "@pipeline().globalParameters.par_email_sender",
                            "type": "Expression"
                        },
                        "EmailRecipient": {
                            "value": "@pipeline().parameters.p_email_recipient",
                            "type": "Expression"
                        },
                        "EmailSubject": {
                            "value": "@concat('ISDC ', toUpper(pipeline().globalParameters.par_env),' - ',  pipeline().Pipeline, ' Failed')",
                            "type": "Expression"
                        },
                        "EmailContentHTML": {
                            "value": "@concat('PipelineName: ', pipeline().Pipeline, \n'<br>', activity('T65_FREQ_BS_002').error?.message)",
                            "type": "Expression"
                        }
                    }
                }
            },
            {
                "name": "T65_FREQ_QC_RP2_MEM",
                "type": "Script",
                "dependsOn": [
                    {
                        "activity": "T65_FREQ_QC_RP1",
                        "dependencyConditions": [
                            "Succeeded"
                        ]
                    }
                ],
                "policy": {
                    "timeout": "0.12:00:00",
                    "retry": 0,
                    "retryIntervalInSeconds": 30,
                    "secureOutput": false,
                    "secureInput": false
                },
                "userProperties": [],
                "linkedServiceName": {
                    "referenceName": "ls_sf_isdc",
                    "type": "LinkedServiceReference",
                    "parameters": {
                        "par_sf_acct": {
                            "value": "@pipeline().globalParameters.par_sf_acct",
                            "type": "Expression"
                        },
                        "par_sf_user": {
                            "value": "@pipeline().globalParameters.par_sf_user",
                            "type": "Expression"
                        },
                        "par_sf_db": {
                            "value": "@pipeline().globalParameters.par_sf_db",
                            "type": "Expression"
                        },
                        "par_sf_wh": {
                            "value": "@pipeline().globalParameters.par_sf_wh",
                            "type": "Expression"
                        },
                        "par_sf_role": {
                            "value": "@pipeline().globalParameters.par_sf_role",
                            "type": "Expression"
                        }
                    }
                },
                "typeProperties": {
                    "scripts": [
                        {
                            "type": "NonQuery",
                            "text": {
                                "value": "@concat(\n'CALL ',\nstring(activity(\n'Get_Object_Metadata'\n).output.value[4].OBJECT_DB), '.', \nstring(activity(\n'Get_Object_Metadata'\n).output.value[4].OBJECT_SCHEMA),'.','SP_UFM_SCORING_SUN_T65_FREQUENCY_QC_REPORT_2_MEM','(','''',pipeline().RunId,'''',',','''',pipeline().Pipeline,'''',',',string(activity(\n'Get_Object_Metadata'\n).output.value[4].OBJECT_SIGNATURE),')'\n\n)",
                                "type": "Expression"
                            }
                        }
                    ],
                    "scriptBlockExecutionTimeout": "02:00:00"
                }
            },
            {
                "name": "plt_email_notify_6",
                "type": "ExecutePipeline",
                "dependsOn": [
                    {
                        "activity": "T65_FREQ_QC_RP1",
                        "dependencyConditions": [
                            "Failed"
                        ]
                    }
                ],
                "policy": {
                    "secureInput": false
                },
                "userProperties": [],
                "typeProperties": {
                    "pipeline": {
                        "referenceName": "plt_email_notify",
                        "type": "PipelineReference"
                    },
                    "waitOnCompletion": true,
                    "parameters": {
                        "EmailSender": {
                            "value": "@pipeline().globalParameters.par_email_sender",
                            "type": "Expression"
                        },
                        "EmailRecipient": {
                            "value": "@pipeline().parameters.p_email_recipient",
                            "type": "Expression"
                        },
                        "EmailSubject": {
                            "value": "@concat('ISDC ', toUpper(pipeline().globalParameters.par_env),' - ',  pipeline().Pipeline, ' Failed')",
                            "type": "Expression"
                        },
                        "EmailContentHTML": {
                            "value": "@concat('PipelineName: ', pipeline().Pipeline, \n'<br>', activity('T65_FREQ_QC_RP1').error?.message)",
                            "type": "Expression"
                        }
                    }
                }
            },
            {
                "name": "T65_FREQ_QC_RP2_NM",
                "type": "Script",
                "dependsOn": [
                    {
                        "activity": "T65_FREQ_QC_RP2_MEM",
                        "dependencyConditions": [
                            "Succeeded"
                        ]
                    }
                ],
                "policy": {
                    "timeout": "0.12:00:00",
                    "retry": 0,
                    "retryIntervalInSeconds": 30,
                    "secureOutput": false,
                    "secureInput": false
                },
                "userProperties": [],
                "linkedServiceName": {
                    "referenceName": "ls_sf_isdc",
                    "type": "LinkedServiceReference",
                    "parameters": {
                        "par_sf_acct": {
                            "value": "@pipeline().globalParameters.par_sf_acct",
                            "type": "Expression"
                        },
                        "par_sf_user": {
                            "value": "@pipeline().globalParameters.par_sf_user",
                            "type": "Expression"
                        },
                        "par_sf_db": {
                            "value": "@pipeline().globalParameters.par_sf_db",
                            "type": "Expression"
                        },
                        "par_sf_wh": {
                            "value": "@pipeline().globalParameters.par_sf_wh",
                            "type": "Expression"
                        },
                        "par_sf_role": {
                            "value": "@pipeline().globalParameters.par_sf_role",
                            "type": "Expression"
                        }
                    }
                },
                "typeProperties": {
                    "scripts": [
                        {
                            "type": "NonQuery",
                            "text": {
                                "value": "@concat(\n'CALL ',\nstring(activity(\n'Get_Object_Metadata'\n).output.value[5].OBJECT_DB), '.', \nstring(activity(\n'Get_Object_Metadata'\n).output.value[5].OBJECT_SCHEMA),'.','SP_UFM_SCORING_SUN_T65_FREQUENCY_QC_REPORT_2_NM','(','''',pipeline().RunId,'''',',','''',pipeline().Pipeline,'''',',',string(activity(\n'Get_Object_Metadata'\n).output.value[5].OBJECT_SIGNATURE),')'\n\n)",
                                "type": "Expression"
                            }
                        }
                    ],
                    "scriptBlockExecutionTimeout": "02:00:00"
                }
            },
            {
                "name": "plt_email_notify_7",
                "type": "ExecutePipeline",
                "dependsOn": [
                    {
                        "activity": "T65_FREQ_QC_RP2_MEM",
                        "dependencyConditions": [
                            "Failed"
                        ]
                    }
                ],
                "policy": {
                    "secureInput": false
                },
                "userProperties": [],
                "typeProperties": {
                    "pipeline": {
                        "referenceName": "plt_email_notify",
                        "type": "PipelineReference"
                    },
                    "waitOnCompletion": true,
                    "parameters": {
                        "EmailSender": {
                            "value": "@pipeline().globalParameters.par_email_sender",
                            "type": "Expression"
                        },
                        "EmailRecipient": {
                            "value": "@pipeline().parameters.p_email_recipient",
                            "type": "Expression"
                        },
                        "EmailSubject": {
                            "value": "@concat('ISDC ', toUpper(pipeline().globalParameters.par_env),' - ',  pipeline().Pipeline, ' Failed')",
                            "type": "Expression"
                        },
                        "EmailContentHTML": {
                            "value": "@concat('PipelineName: ', pipeline().Pipeline, \n'<br>', activity('T65_FREQ_QC_RP2_MEM').error?.message)",
                            "type": "Expression"
                        }
                    }
                }
            },
            {
                "name": "plt_email_notify_8",
                "type": "ExecutePipeline",
                "dependsOn": [
                    {
                        "activity": "T65_FREQ_QC_RP2_NM",
                        "dependencyConditions": [
                            "Failed"
                        ]
                    }
                ],
                "policy": {
                    "secureInput": false
                },
                "userProperties": [],
                "typeProperties": {
                    "pipeline": {
                        "referenceName": "plt_email_notify",
                        "type": "PipelineReference"
                    },
                    "waitOnCompletion": true,
                    "parameters": {
                        "EmailSender": {
                            "value": "@pipeline().globalParameters.par_email_sender",
                            "type": "Expression"
                        },
                        "EmailRecipient": {
                            "value": "@pipeline().parameters.p_email_recipient",
                            "type": "Expression"
                        },
                        "EmailSubject": {
                            "value": "@concat('ISDC ', toUpper(pipeline().globalParameters.par_env),' - ',  pipeline().Pipeline, ' Failed')",
                            "type": "Expression"
                        },
                        "EmailContentHTML": {
                            "value": "@concat('PipelineName: ', pipeline().Pipeline, \n'<br>', activity('T65_FREQ_QC_RP2_NM').error?.message)",
                            "type": "Expression"
                        }
                    }
                }
            },
            {
                "name": "T65_FREQ_QC_RP3_MEM",
                "type": "Script",
                "dependsOn": [
                    {
                        "activity": "T65_FREQ_QC_RP2_NM",
                        "dependencyConditions": [
                            "Succeeded"
                        ]
                    }
                ],
                "policy": {
                    "timeout": "0.12:00:00",
                    "retry": 0,
                    "retryIntervalInSeconds": 30,
                    "secureOutput": false,
                    "secureInput": false
                },
                "userProperties": [],
                "linkedServiceName": {
                    "referenceName": "ls_sf_isdc",
                    "type": "LinkedServiceReference",
                    "parameters": {
                        "par_sf_acct": {
                            "value": "@pipeline().globalParameters.par_sf_acct",
                            "type": "Expression"
                        },
                        "par_sf_user": {
                            "value": "@pipeline().globalParameters.par_sf_user",
                            "type": "Expression"
                        },
                        "par_sf_db": {
                            "value": "@pipeline().globalParameters.par_sf_db",
                            "type": "Expression"
                        },
                        "par_sf_wh": {
                            "value": "@pipeline().globalParameters.par_sf_wh",
                            "type": "Expression"
                        },
                        "par_sf_role": {
                            "value": "@pipeline().globalParameters.par_sf_role",
                            "type": "Expression"
                        }
                    }
                },
                "typeProperties": {
                    "scripts": [
                        {
                            "type": "NonQuery",
                            "text": {
                                "value": "@concat(\n'CALL ',\nstring(activity(\n'Get_Object_Metadata'\n).output.value[6].OBJECT_DB), '.', \nstring(activity(\n'Get_Object_Metadata'\n).output.value[6].OBJECT_SCHEMA),'.','SP_UFM_SCORING_SUN_T65_FREQUENCY_QC_REPORT_3_MEM','(','''',pipeline().RunId,'''',',','''',pipeline().Pipeline,'''',',',string(activity(\n'Get_Object_Metadata'\n).output.value[6].OBJECT_SIGNATURE),')'\n\n)",
                                "type": "Expression"
                            }
                        }
                    ],
                    "scriptBlockExecutionTimeout": "02:00:00"
                }
            },
            {
                "name": "plt_email_notify_9",
                "type": "ExecutePipeline",
                "dependsOn": [
                    {
                        "activity": "T65_FREQ_QC_RP3_MEM",
                        "dependencyConditions": [
                            "Failed"
                        ]
                    }
                ],
                "policy": {
                    "secureInput": false
                },
                "userProperties": [],
                "typeProperties": {
                    "pipeline": {
                        "referenceName": "plt_email_notify",
                        "type": "PipelineReference"
                    },
                    "waitOnCompletion": true,
                    "parameters": {
                        "EmailSender": {
                            "value": "@pipeline().globalParameters.par_email_sender",
                            "type": "Expression"
                        },
                        "EmailRecipient": {
                            "value": "@pipeline().parameters.p_email_recipient",
                            "type": "Expression"
                        },
                        "EmailSubject": {
                            "value": "@concat('ISDC ', toUpper(pipeline().globalParameters.par_env),' - ',  pipeline().Pipeline, ' Failed')",
                            "type": "Expression"
                        },
                        "EmailContentHTML": {
                            "value": "@concat('PipelineName: ', pipeline().Pipeline, \n'<br>', activity('T65_FREQ_QC_RP3_MEM').error?.message)",
                            "type": "Expression"
                        }
                    }
                }
            },
            {
                "name": "T65_FREQ_QC_RP3_NM",
                "type": "Script",
                "dependsOn": [
                    {
                        "activity": "T65_FREQ_QC_RP3_MEM",
                        "dependencyConditions": [
                            "Succeeded"
                        ]
                    }
                ],
                "policy": {
                    "timeout": "0.12:00:00",
                    "retry": 0,
                    "retryIntervalInSeconds": 30,
                    "secureOutput": false,
                    "secureInput": false
                },
                "userProperties": [],
                "linkedServiceName": {
                    "referenceName": "ls_sf_isdc",
                    "type": "LinkedServiceReference",
                    "parameters": {
                        "par_sf_acct": {
                            "value": "@pipeline().globalParameters.par_sf_acct",
                            "type": "Expression"
                        },
                        "par_sf_user": {
                            "value": "@pipeline().globalParameters.par_sf_user",
                            "type": "Expression"
                        },
                        "par_sf_db": {
                            "value": "@pipeline().globalParameters.par_sf_db",
                            "type": "Expression"
                        },
                        "par_sf_wh": {
                            "value": "@pipeline().globalParameters.par_sf_wh",
                            "type": "Expression"
                        },
                        "par_sf_role": {
                            "value": "@pipeline().globalParameters.par_sf_role",
                            "type": "Expression"
                        }
                    }
                },
                "typeProperties": {
                    "scripts": [
                        {
                            "type": "NonQuery",
                            "text": {
                                "value": "@concat(\n'CALL ',\nstring(activity(\n'Get_Object_Metadata'\n).output.value[7].OBJECT_DB), '.', \nstring(activity(\n'Get_Object_Metadata'\n).output.value[7].OBJECT_SCHEMA),'.','SP_UFM_SCORING_SUN_T65_FREQUENCY_QC_REPORT_3_NM','(','''',pipeline().RunId,'''',',','''',pipeline().Pipeline,'''',',',string(activity(\n'Get_Object_Metadata'\n).output.value[7].OBJECT_SIGNATURE),')'\n\n)",
                                "type": "Expression"
                            }
                        }
                    ],
                    "scriptBlockExecutionTimeout": "02:00:00"
                }
            },
            {
                "name": "plt_email_notify_10",
                "type": "ExecutePipeline",
                "dependsOn": [
                    {
                        "activity": "T65_FREQ_QC_RP3_NM",
                        "dependencyConditions": [
                            "Failed"
                        ]
                    }
                ],
                "policy": {
                    "secureInput": false
                },
                "userProperties": [],
                "typeProperties": {
                    "pipeline": {
                        "referenceName": "plt_email_notify",
                        "type": "PipelineReference"
                    },
                    "waitOnCompletion": true,
                    "parameters": {
                        "EmailSender": {
                            "value": "@pipeline().globalParameters.par_email_sender",
                            "type": "Expression"
                        },
                        "EmailRecipient": {
                            "value": "@pipeline().parameters.p_email_recipient",
                            "type": "Expression"
                        },
                        "EmailSubject": {
                            "value": "@concat('ISDC ', toUpper(pipeline().globalParameters.par_env),' - ',  pipeline().Pipeline, ' Failed')",
                            "type": "Expression"
                        },
                        "EmailContentHTML": {
                            "value": "@concat('PipelineName: ', pipeline().Pipeline, \n'<br>', activity('T65_FREQ_QC_RP3_NM').error?.message)",
                            "type": "Expression"
                        }
                    }
                }
            },
            {
                "name": "On Complete End Log",
                "type": "Script",
                "dependsOn": [
                    {
                        "activity": "T65_FREQ_QUALITY_CHECK_CSV_GEN",
                        "dependencyConditions": [
                            "Succeeded"
                        ]
                    }
                ],
                "policy": {
                    "timeout": "0.12:00:00",
                    "retry": 0,
                    "retryIntervalInSeconds": 30,
                    "secureOutput": false,
                    "secureInput": false
                },
                "userProperties": [],
                "linkedServiceName": {
                    "referenceName": "ls_sf_isdc",
                    "type": "LinkedServiceReference",
                    "parameters": {
                        "par_sf_acct": {
                            "value": "@pipeline().globalParameters.par_sf_acct",
                            "type": "Expression"
                        },
                        "par_sf_user": {
                            "value": "@pipeline().globalParameters.par_sf_user",
                            "type": "Expression"
                        },
                        "par_sf_db": {
                            "value": "@pipeline().globalParameters.par_sf_db",
                            "type": "Expression"
                        },
                        "par_sf_wh": {
                            "value": "@pipeline().globalParameters.par_sf_wh",
                            "type": "Expression"
                        },
                        "par_sf_role": {
                            "value": "@pipeline().globalParameters.par_sf_role",
                            "type": "Expression"
                        }
                    }
                },
                "typeProperties": {
                    "scripts": [
                        {
                            "type": "NonQuery",
                            "text": {
                                "value": "@concat(\n'EXECUTE IMMEDIATE ','''','UPDATE ',\nstring(activity('Get_Object_Metadata').output.value[0].OBJECT_DB), '.', \npipeline().parameters.p_util_schema,'.','PROCESS_RUN_LOGS_ANALYTICS SET STATUS=','''','''','COMPLETED','''','''',' WHERE PIPELINE_ID=','''','''',pipeline().RunId,'''','''',''''\n)\n",
                                "type": "Expression"
                            }
                        }
                    ],
                    "scriptBlockExecutionTimeout": "02:00:00"
                }
            },
            {
                "name": "plt_email_notify_11",
                "type": "ExecutePipeline",
                "dependsOn": [
                    {
                        "activity": "On Complete End Log",
                        "dependencyConditions": [
                            "Failed"
                        ]
                    }
                ],
                "policy": {
                    "secureInput": false
                },
                "userProperties": [],
                "typeProperties": {
                    "pipeline": {
                        "referenceName": "plt_email_notify",
                        "type": "PipelineReference"
                    },
                    "waitOnCompletion": true,
                    "parameters": {
                        "EmailSender": {
                            "value": "@pipeline().globalParameters.par_email_sender",
                            "type": "Expression"
                        },
                        "EmailRecipient": {
                            "value": "@pipeline().parameters.p_email_recipient",
                            "type": "Expression"
                        },
                        "EmailSubject": {
                            "value": "@concat('ISDC ', toUpper(pipeline().globalParameters.par_env),' - ',  pipeline().Pipeline, ' Failed')",
                            "type": "Expression"
                        },
                        "EmailContentHTML": {
                            "value": "@concat('PipelineName: ', pipeline().Pipeline, \n'<br>', activity('On Complete End Log').error?.message)",
                            "type": "Expression"
                        }
                    }
                }
            },
            {
                "name": "T65_FREQ_QUALITY_CHECK_CSV_GEN",
                "type": "Script",
                "dependsOn": [
                    {
                        "activity": "T65_FREQ_QC_RP3_NM",
                        "dependencyConditions": [
                            "Succeeded"
                        ]
                    }
                ],
                "policy": {
                    "timeout": "0.12:00:00",
                    "retry": 0,
                    "retryIntervalInSeconds": 30,
                    "secureOutput": false,
                    "secureInput": false
                },
                "userProperties": [],
                "linkedServiceName": {
                    "referenceName": "ls_sf_isdc",
                    "type": "LinkedServiceReference",
                    "parameters": {
                        "par_sf_acct": {
                            "value": "@pipeline().globalParameters.par_sf_acct",
                            "type": "Expression"
                        },
                        "par_sf_user": {
                            "value": "@pipeline().globalParameters.par_sf_user",
                            "type": "Expression"
                        },
                        "par_sf_db": {
                            "value": "@pipeline().globalParameters.par_sf_db",
                            "type": "Expression"
                        },
                        "par_sf_wh": {
                            "value": "@pipeline().globalParameters.par_sf_wh",
                            "type": "Expression"
                        },
                        "par_sf_role": {
                            "value": "@pipeline().globalParameters.par_sf_role",
                            "type": "Expression"
                        }
                    }
                },
                "typeProperties": {
                    "scripts": [
                        {
                            "type": "NonQuery",
                            "text": {
                                "value": "@concat(\n'CALL ',\nstring(activity(\n'Get_Object_Metadata'\n).output.value[8].OBJECT_DB), '.', \nstring(activity(\n'Get_Object_Metadata'\n).output.value[8].OBJECT_SCHEMA),'.','SP_QUALITY_CHECK_SUN_T65_FREQ','(','''',pipeline().RunId,'''',',','''',pipeline().Pipeline,'''',',',string(activity(\n'Get_Object_Metadata'\n).output.value[8].OBJECT_SIGNATURE),')'\n\n)",
                                "type": "Expression"
                            }
                        }
                    ],
                    "scriptBlockExecutionTimeout": "02:00:00"
                }
            },
            {
                "name": "plt_email_notify_12",
                "type": "ExecutePipeline",
                "dependsOn": [
                    {
                        "activity": "T65_FREQ_QUALITY_CHECK_CSV_GEN",
                        "dependencyConditions": [
                            "Failed"
                        ]
                    }
                ],
                "policy": {
                    "secureInput": false
                },
                "userProperties": [],
                "typeProperties": {
                    "pipeline": {
                        "referenceName": "plt_email_notify",
                        "type": "PipelineReference"
                    },
                    "waitOnCompletion": true,
                    "parameters": {
                        "EmailSender": {
                            "value": "@pipeline().globalParameters.par_email_sender",
                            "type": "Expression"
                        },
                        "EmailRecipient": {
                            "value": "@pipeline().parameters.p_email_recipient",
                            "type": "Expression"
                        },
                        "EmailSubject": {
                            "value": "@concat('ISDC ', toUpper(pipeline().globalParameters.par_env),' - ',  pipeline().Pipeline, ' Failed')",
                            "type": "Expression"
                        },
                        "EmailContentHTML": {
                            "value": "@concat('PipelineName: ', pipeline().Pipeline, \n'<br>', activity('T65_FREQ_QUALITY_CHECK_CSV_GEN').error?.message)",
                            "type": "Expression"
                        }
                    }
                }
            }
        ],
        "parameters": {
            "p_application": {
                "type": "string",
                "defaultValue": "DEEP"
            },
            "p_object_name": {
                "type": "string",
                "defaultValue": "T65_FREQUENCY"
            },
            "p_email_recipient": {
                "type": "string",
                "defaultValue": "isdc_nonprod@ds.uhc.com"
            },
            "p_util_schema": {
                "type": "string",
                "defaultValue": "UTIL"
            }
        },
        "folder": {
            "name": "Analytics/Workflows/UFM"
        },
        "annotations": []
    }
}