{
	"name": "tr_wf_PRC_OCSS_FUNNEL_DAILY",
	"properties": {
		"annotations": [],
		"runtimeState": "Started",
		"pipelines": [
			{
				"pipelineReference": {
					"referenceName": "wf_PRC_OCSS_FUNNEL_DAILY",
					"type": "PipelineReference"
				}
			}
		],
		"type": "ScheduleTrigger",
		"typeProperties": {
			"recurrence": {
				"frequency": "Week",
				"interval": 1,
				"startTime": "2025-04-10T12:04:00",
				"timeZone": "India Standard Time",
				"schedule": {
					"minutes": [
						0
					],
					"hours": [
						23
					],
					"weekDays": [
						"Monday",
						"Tuesday",
						"Wednesday",
						"Thursday",
						"Friday"
					]
				}
			}
		}
	}
}