{
	"name": "tr_wf_MEMBERSHIP_TRACKING_FULL",
	"properties": {
		"annotations": [],
		"runtimeState": "Started",
		"pipelines": [
			{
				"pipelineReference": {
					"referenceName": "wf_MEMBERSHIP_TRACKING_FULL",
					"type": "PipelineReference"
				},
				"parameters": {
					"p_email_recipient": "ism_deep_de@ds.uhc.com",
					"p_object_name": "MEMBERSHIP_TRACKING",
					"p_application": "DEEP"
				}
			}
		],
		"type": "ScheduleTrigger",
		"typeProperties": {
			"recurrence": {
				"frequency": "Month",
				"interval": 1,
				"startTime": "2024-12-12T17:35:00",
				"timeZone": "Central Standard Time",
				"schedule": {
					"minutes": [
						30
					],
					"hours": [
						2
					],
					"monthDays": [
						26
					]
				}
			}
		}
	}
}