{
	"name": "tr_wf_PORTFOLIO_RETENTION",
	"properties": {
		"annotations": [],
		"runtimeState": "Started",
		"pipelines": [
			{
				"pipelineReference": {
					"referenceName": "wf_PORTFOLIO_RETENTION",
					"type": "PipelineReference"
				},
				"parameters": {
					"p_application": "PORTFOLIO_RETENTION",
					"p_object_name": "PORTFOLIO_RETENTION_PROCESS",
					"p_email_recipient": "ism_deep_de@ds.uhc.com",
					"p_util_schema": "UTIL"
				}
			}
		],
		"type": "ScheduleTrigger",
		"typeProperties": {
			"recurrence": {
				"frequency": "Week",
				"interval": 1,
				"startTime": "2025-03-28T08:31:00",
				"timeZone": "Central Standard Time",
				"schedule": {
					"minutes": [
						30
					],
					"hours": [
						0
					],
					"weekDays": [
						"Tuesday"
					]
				}
			}
		}
	}
}