{
	"name": "tr_wf_EZCLAIM_WEEKLY",
	"properties": {
		"annotations": [],
		"runtimeState": "Started",
		"pipelines": [
			{
				"pipelineReference": {
					"referenceName": "wf_EZCLAIM_WEEKLY",
					"type": "PipelineReference"
				},
				"parameters": {
					"p_application": "DEEP",
					"p_object_name": "EZCLAIM_WEEKLY",
					"p_util_schema": "UTIL",
					"p_email_recipient": "ISM_DEEP_DE@ds.uhc.com"
				}
			}
		],
		"type": "ScheduleTrigger",
		"typeProperties": {
			"recurrence": {
				"frequency": "Week",
				"interval": 1,
				"startTime": "2025-03-19T07:57:00",
				"timeZone": "Central Standard Time",
				"schedule": {
					"minutes": [
						0
					],
					"hours": [
						7
					],
					"weekDays": [
						"Thursday"
					]
				}
			}
		}
	}
}