{
	"name": "tr_wf_EPM",
	"properties": {
		"annotations": [],
		"runtimeState": "Started",
		"pipelines": [
			{
				"pipelineReference": {
					"referenceName": "wf_EPM",
					"type": "PipelineReference"
				}
			}
		],
		"type": "BlobEventsTrigger",
		"typeProperties": {
			"blobPathBeginsWith": "/isdc/blobs/$$$env_name/landing/analytics_user_uploads/df_pch",
			"blobPathEndsWith": ".csv",
			"ignoreEmptyBlobs": true,
			"scope": "/subscriptions/df55fbe1-ac66-4549-a170-1a3bbb27a6bf/resourceGroups/rg-isdc-nonprod/providers/Microsoft.Storage/storageAccounts/saisdcnonprod",
			"events": [
				"Microsoft.Storage.BlobCreated"
			]
		}
	}
}

