{
	"name": "tr_wf_NCOA_DASHBOARD",
	"properties": {
		"annotations": [],
		"runtimeState": "Started",
		"pipelines": [
			{
				"pipelineReference": {
					"referenceName": "wf_NCOA_DASHBOARD",
					"type": "PipelineReference"
				},
				"parameters": {
					"p_object_name": "NCOA_DASHBOARD",
					"p_email_recipient": "ism_deep_de@ds.uhc.com",
					"p_util_schema": "UTIL"
				}
			}
		],
		"type": "ScheduleTrigger",
		"typeProperties": {
			"recurrence": {
				"frequency": "Month",
				"interval": 1,
				"startTime": "2024-10-31T19:36:00",
				"timeZone": "Central Standard Time",
				"schedule": {
					"minutes": [
						30
					],
					"hours": [
						0
					],
					"monthlyOccurrences": [
						{
							"day": "Tuesday",
							"occurrence": 1
						}
					]
				}
			}
		}
	}
}