{
	"name": "tr_wf_INSURED_MEM_UPLIFT",
	"properties": {
		"annotations": [],
		"runtimeState": "Started",
		"pipelines": [
			{
				"pipelineReference": {
					"referenceName": "wf_INSURED_MEM_UPLIFT",
					"type": "PipelineReference"
				},
				"parameters": {
					"p_application": "DEEP",
					"p_object_name": "INSURED_MEM_UPLIFT",
					"p_util_schema": "UTIL",
					"p_email_recipient": "ism_deep_de@ds.uhc.com"
				}
			}
		],
		"type": "ScheduleTrigger",
		"typeProperties": {
			"recurrence": {
				"frequency": "Month",
				"interval": 1,
				"startTime": "2024-10-25T00:52:00",
				"timeZone": "Central Standard Time",
				"schedule": {
					"minutes": [
						5
					],
					"hours": [
						0
					],
					"monthDays": [
						1
					]
				}
			}
		}
	}
}