{
	"name": "tr_wf_DRIVE_TO_DIGITAL",
	"properties": {
		"annotations": [],
		"runtimeState": "Stopped",
		"pipelines": [
			{
				"pipelineReference": {
					"referenceName": "wf_DRIVE_TO_DIGITAL",
					"type": "PipelineReference"
				},
				"parameters": {
					"p_application": "DEEP",
					"p_object_name": "DRIVE_TO_DIGITAL",
					"p_util_schema": "UTIL",
					"p_email_recipient": "ism_deep_de@ds.uhc.com"
				}
			}
		],
		"type": "ScheduleTrigger",
		"typeProperties": {
			"recurrence": {
				"frequency": "Week",
				"interval": 1,
				"startTime": "2025-04-07T11:14:00",
				"timeZone": "Central Standard Time",
				"schedule": {
					"minutes": [
						0
					],
					"hours": [
						10
					],
					"weekDays": [
						"Tuesday"
					]
				}
			}
		}
	}
}