{
	"name": "tr_wf_IS_KPI_BUSS_PERFORMANCE_DASH",
	"properties": {
		"annotations": [],
		"runtimeState": "Started",
		"pipelines": [
			{
				"pipelineReference": {
					"referenceName": "wf_IS_KPI_BUSS_PERFORMANCE_DASH",
					"type": "PipelineReference"
				},
				"parameters": {
					"p_application": "IS_KPI_BUSS_PERFORMANCE_DASH",
					"p_object_name": "wf_IS_KPI_BUSS_PERFORMANCE_DASH",
					"p_email_recipient": "ISM_DEEP_DE@ds.uhc.com",
					"p_util_schema": "UTIL"
				}
			}
		],
		"type": "ScheduleTrigger",
		"typeProperties": {
			"recurrence": {
				"frequency": "Month",
				"interval": 1,
				"startTime": "2025-04-09T04:35:00",
				"timeZone": "Central Standard Time",
				"schedule": {
					"minutes": [
						0
					],
					"hours": [
						22
					],
					"monthDays": [
						25
					]
				}
			}
		}
	}
}