{
	"name": "tr_wf_SALES_ACCOUNTABLE_CALLS_MEDSUP",
	"properties": {
		"annotations": [],
		"runtimeState": "Started",
		"pipelines": [
			{
				"pipelineReference": {
					"referenceName": "wf_SALES_ACCOUNTABLE_CALLS_MEDSUP",
					"type": "PipelineReference"
				},
				"parameters": {
					"p_application": "DEEP",
					"p_object_name": "SALES_ACCOUNTABLE_CALLS_MEDSUP",
					"p_email_recipient": "ism_deep_de@ds.uhc.com",
					"p_util_schema": "UTIL"
				}
			}
		],
		"type": "ScheduleTrigger",
		"typeProperties": {
			"recurrence": {
				"frequency": "Day",
				"interval": 1,
				"startTime": "2024-11-05T22:15:00",
				"timeZone": "Central Standard Time",
				"schedule": {
					"minutes": [
						30
					],
					"hours": [
						2
					]
				}
			}
		}
	}
}