{
	"name": "tr_wf_VAS_DASHBOARD",
	"properties": {
		"annotations": [],
		"runtimeState": "Started",
		"pipelines": [
			{
				"pipelineReference": {
					"referenceName": "wf_VAS_DASHBOARD",
					"type": "PipelineReference"
				},
				"parameters": {
					"p_application": "DEEP",
					"p_object_name": "VAS_MASTER_PROCESS",
					"p_email_recipient": "ism_deep_de@ds.uhc.com",
					"p_util_schema": "UTIL"
				}
			}
		],
		"type": "ScheduleTrigger",
		"typeProperties": {
			"recurrence": {
				"frequency": "Month",
				"interval": 1,
				"startTime": "2024-12-24T12:47:00",
				"timeZone": "Central Standard Time",
				"schedule": {
					"minutes": [
						30
					],
					"hours": [
						3
					],
					"monthDays": [
						19
					]
				}
			}
		}
	}
}