{
	"name": "tr_wf_GENDER_AGE_CPT",
	"properties": {
		"annotations": [],
		"runtimeState": "Started",
		"pipelines": [
			{
				"pipelineReference": {
					"referenceName": "wf_GENDER_AGE_CPT",
					"type": "PipelineReference"
				},
				"parameters": {
					"p_application": "DEEP",
					"p_object_name": "FWA_AGE_AND_GENDER_BASED_CPT_CLAIMS",
					"p_util_schema": "UTIL",
					"p_email_recipient": "ism_deep_de@ds.uhc.com"
				}
			}
		],
		"type": "ScheduleTrigger",
		"typeProperties": {
			"recurrence": {
				"frequency": "Month",
				"interval": 1,
				"startTime": "2024-11-08T11:47:00",
				"timeZone": "Central Standard Time",
				"schedule": {
					"minutes": [
						30
					],
					"hours": [
						10
					],
					"monthDays": [
						10
					]
				}
			}
		}
	}
}