{
	"name": "tr_wf_IWRITE",
	"properties": {
		"annotations": [],
		"runtimeState": "Started",
		"pipelines": [
			{
				"pipelineReference": {
					"referenceName": "wf_IWRITE",
					"type": "PipelineReference"
				},
				"parameters": {
					"p_application": "DEEP",
					"p_object_name": "IWRITE",
					"p_util_schema": "UTIL",
					"p_email_recipient": "ism_deep_de@ds.uhc.com"
				}
			}
		],
		"type": "ScheduleTrigger",
		"typeProperties": {
			"recurrence": {
				"frequency": "Week",
				"interval": 1,
				"startTime": "2024-10-30T13:46:00",
				"timeZone": "Central Standard Time",
				"schedule": {
					"minutes": [
						0
					],
					"hours": [
						11
					],
					"weekDays": [
						"Tuesday"
					]
				}
			}
		}
	}
}