{
	"name": "tr_wf_UFM_SCORING_SUNDAY",
	"properties": {
		"annotations": [],
		"runtimeState": "Started",
		"pipelines": [
			{
				"pipelineReference": {
					"referenceName": "wf_UFM_SCORING_SUNDAY",
					"type": "PipelineReference"
				},
				"parameters": {
					"p_application": "DEEP",
					"p_object_name": "UFM_SCORING_SUNDAY",
					"p_email_recipient": "ism_deep_de@ds.uhc.com",
					"p_util_schema": "UTIL"
				}
			}
		],
		"type": "BlobEventsTrigger",
		"typeProperties": {
			"blobPathBeginsWith": "/isdc/blobs/$$$env_name/analytics/inbox/ufm/triggers/UFM_FEATURE_GEN_IS",
			"blobPathEndsWith": ".txt",
			"ignoreEmptyBlobs": false,
			"scope": "/subscriptions/df55fbe1-ac66-4549-a170-1a3bbb27a6bf/resourceGroups/rg-isdc-nonprod/providers/Microsoft.Storage/storageAccounts/saisdcnonprod",
			"events": [
				"Microsoft.Storage.BlobCreated"
			]
		}
	}
}