{
    "name": "ls_ablob_isdc",
    "properties": {
        "parameters": {
            "p_hotstore_endpoint": {
                "type": "string"
            }
        },
        "annotations": [],
        "type": "AzureBlobStorage",
        "typeProperties": {
            "serviceEndpoint": "@{linkedService().p_hotstore_endpoint}",
            "accountKind": "StorageV2"
        },
        "connectVia": {
            "referenceName": "irt-adf-isdc-analytics",
            "type": "IntegrationRuntimeReference"
        }
    },
    "type": "Microsoft.DataFactory/factories/linkedservices"
}