{
	"name": "ls_databricks_analytics",
	"properties": {
		"parameters": {
			"par_dbw_domain": {
				"type": "string"
			},
			"par_dbw_cluster_id": {
				"type": "string"
			},
			"par_dbw_tk_name": {
				"type": "string"
			}
		},
		"annotations": [],
		"type": "AzureDatabricks",
		"typeProperties": {
			"domain": "@{linkedService().par_dbw_domain}",
			"accessToken": {
				"type": "AzureKeyVaultSecret",
				"store": {
					"referenceName": "ls_keyvault",
					"type": "LinkedServiceReference"
				},
				"secretName": {
					"value": "@{linkedService().par_dbw_tk_name}",
					"type": "Expression"
				}
			},
			"existingClusterId": "@{linkedService().par_dbw_cluster_id}",
			"enableInteractiveAuthoring": true
		},
		"connectVia": {
			"referenceName": "irt-adf-isdc-analytics",
			"type": "IntegrationRuntimeReference"
		}
	}
}