{
    "Microsoft.DataFactory/factories": {
        "properties": {
            "globalParameters": {
                "*": {
                    "value": "="
                }
            },
            "globalConfigurations": {
                "*": "="
            },
            "encryption": {
                "*": "=",
                "identity": {
                    "*": "="
                }
            }
        },
        "location": "=",
        "identity": {
            "type": "=",
            "userAssignedIdentities": "="
        }
    },
    "Microsoft.DataFactory/factories/pipelines": {},
    "Microsoft.DataFactory/factories/integrationRuntimes": {
        "properties": {
            "typeProperties": {
                "ssisProperties": {
                    "catalogInfo": {
                        "catalogServerEndpoint": "=",
                        "catalogAdminUserName": "=",
                        "catalogAdminPassword": {
                            "value": "-::secureString"
                        }
                    },
                    "customSetupScriptProperties": {
                        "sasToken": {
                            "value": "-::secureString"
                        }
                    }
                },
                "linkedInfo": {
                    "key": {
                        "value": "-::secureString"
                    },
                    "resourceId": "="
                },
                "computeProperties": {
                    "dataFlowProperties": {
                        "externalComputeInfo": [
                            {
                                "accessToken": "-::secureString"
                            }
                        ]
                    }
                }
            }
        }
    },
    "Microsoft.DataFactory/factories/triggers": {
        "properties": {
            "pipelines": [
                {
                    "parameters": {
                        "p_email_recipient": "=",
                        "p_db_name": "="
                    }
                },
                "pipelineReference.referenceName"
            ],
            "pipeline": {
                "parameters": {
                    "*": "="
                }
            },
            "typeProperties": {
                "scope": "="
            }
        }
    },
    "Microsoft.DataFactory/factories/linkedServices": {
        "*": {
            "properties": {
                "typeProperties": {
                    "accountName": "=",
                    "accountEndpoint": "=",
                    "username": "=",
                    "userName": "=",
                    "accessKeyId": "=",
                    "endpoint": "=",
                    "servicePrincipalId": "=",
                    "userId": "=",
                    "host": "=",
                    "clientId": "=",
                    "existingClusterId": "=",
                    "clusterUserName": "=",
                    "clusterSshUserName": "=",
                    "hostSubscriptionId": "=",
                    "clusterResourceGroup": "=",
                    "subscriptionId": "=",
                    "resourceGroupName": "=",
                    "tenant": "=",
                    "dataLakeStoreUri": "=",
                    "baseUrl": "=",
                    "database": "=",
                    "serviceEndpoint": "=",
                    "batchUri": "=",
                    "poolName": "=",
                    "databaseName": "=",
                    "systemNumber": "=",
                    "server": "=",
                    "url": "=",
                    "functionAppUrl": "=",
                    "environmentUrl": "=",
                    "aadResourceId": "=",
                    "sasUri": "|:-sasUri:secureString",
                    "sasToken": "|",
                    "connectionString": "|:-connectionString:secureString",
                    "hostKeyFingerprint": "=",
                    "mlWorkspaceName": "="
                }
            }
        },
        "Odbc": {
            "properties": {
                "typeProperties": {
                    "userName": "=",
                    "connectionString": {
                        "secretName": "="
                    }
                }
            }
        }
    },
    "Microsoft.DataFactory/factories/datasets": {
        "*": {
            "properties": {
                "typeProperties": {
                    "folderPath": "=",
                    "fileName": "="
                }
            }
        }
    },
    "Microsoft.DataFactory/factories/credentials": {
        "*": {
            "properties": {
                "typeProperties": {
                    "token": "="
                }
            }
        }
    },
    "Microsoft.DataFactory/factories/managedVirtualNetworks/managedPrivateEndpoints": {
        "properties": {
            "privateLinkResourceId": "=",
            "groupId": "=",
            "fqdns": "="
        }
    },
    "Microsoft.DataFactory/factories/globalparameters": {
        "properties": {
            "*": {
                "value": "="
            }
        }
    }
}